2026-03-25 08:45:54,965 [Worker-2: Loading available Gradle versions] INFO  o.e.b.c.i.u.g.PublishedGradleVersions - Gradle version information cache is out-of-date. Trying to update.
2026-03-27 08:18:54,726 [Worker-6: Loading available Gradle versions] INFO  o.e.b.c.i.u.g.PublishedGradleVersions - Gradle version information cache is out-of-date. Trying to update.
2026-03-30 08:20:29,490 [Worker-2: Loading available Gradle versions] INFO  o.e.b.c.i.u.g.PublishedGradleVersions - Gradle version information cache is out-of-date. Trying to update.
2026-04-01 08:21:40,922 [Worker-5: Loading available Gradle versions] INFO  o.e.b.c.i.u.g.PublishedGradleVersions - Gradle version information cache is out-of-date. Trying to update.
2026-04-01 09:18:14,752 [Worker-3: Loading available Gradle versions] INFO  o.e.b.c.i.u.g.PublishedGradleVersions - Gradle version information cache is up-to-date. Trying to read.
2026-04-01 15:07:10,902 [Worker-7: Loading available Gradle versions] INFO  o.e.b.c.i.u.g.PublishedGradleVersions - Gradle version information cache is up-to-date. Trying to read.
2026-04-03 08:19:42,587 [Worker-0: Loading available Gradle versions] INFO  o.e.b.c.i.u.g.PublishedGradleVersions - Gradle version information cache is out-of-date. Trying to update.
2026-04-06 08:19:48,985 [Worker-7: Loading available Gradle versions] INFO  o.e.b.c.i.u.g.PublishedGradleVersions - Gradle version information cache is out-of-date. Trying to update.
2026-04-08 08:29:57,247 [Worker-2: Loading available Gradle versions] INFO  o.e.b.c.i.u.g.PublishedGradleVersions - Gradle version information cache is out-of-date. Trying to update.
2026-04-10 08:20:59,802 [Worker-4: Loading available Gradle versions] INFO  o.e.b.c.i.u.g.PublishedGradleVersions - Gradle version information cache is out-of-date. Trying to update.
2026-04-13 08:28:28,344 [Worker-7: Loading available Gradle versions] INFO  o.e.b.c.i.u.g.PublishedGradleVersions - Gradle version information cache is out-of-date. Trying to update.
2026-04-13 09:26:24,801 [Worker-4: Loading available Gradle versions] INFO  o.e.b.c.i.u.g.PublishedGradleVersions - Gradle version information cache is up-to-date. Trying to read.
2026-04-15 08:25:25,581 [Worker-3: Loading available Gradle versions] INFO  o.e.b.c.i.u.g.PublishedGradleVersions - Gradle version information cache is out-of-date. Trying to update.
2026-04-20 08:19:21,935 [Worker-7: Loading available Gradle versions] INFO  o.e.b.c.i.u.g.PublishedGradleVersions - Gradle version information cache is out-of-date. Trying to update.
2026-04-22 08:21:51,066 [Worker-7: Loading available Gradle versions] INFO  o.e.b.c.i.u.g.PublishedGradleVersions - Gradle version information cache is out-of-date. Trying to update.
2026-04-24 08:32:32,429 [Worker-3: Loading available Gradle versions] INFO  o.e.b.c.i.u.g.PublishedGradleVersions - Gradle version information cache is out-of-date. Trying to update.
2026-04-27 08:17:56,147 [Worker-4: Loading available Gradle versions] INFO  o.e.b.c.i.u.g.PublishedGradleVersions - Gradle version information cache is out-of-date. Trying to update.
2026-04-29 08:24:00,932 [Worker-5: Loading available Gradle versions] INFO  o.e.b.c.i.u.g.PublishedGradleVersions - Gradle version information cache is out-of-date. Trying to update.
2026-05-01 08:28:35,981 [Worker-1: Loading available Gradle versions] INFO  o.e.b.c.i.u.g.PublishedGradleVersions - Gradle version information cache is out-of-date. Trying to update.
2026-05-01 09:39:26,005 [Worker-3: Loading available Gradle versions] INFO  o.e.b.c.i.u.g.PublishedGradleVersions - Gradle version information cache is up-to-date. Trying to read.
2026-05-01 12:03:27,266 [Worker-3: Loading available Gradle versions] INFO  o.e.b.c.i.u.g.PublishedGradleVersions - Gradle version information cache is up-to-date. Trying to read.
2026-05-04 08:31:00,746 [Worker-5: Loading available Gradle versions] INFO  o.e.b.c.i.u.g.PublishedGradleVersions - Gradle version information cache is out-of-date. Trying to update.
2026-05-04 09:19:26,412 [Worker-0: Loading available Gradle versions] INFO  o.e.b.c.i.u.g.PublishedGradleVersions - Gradle version information cache is up-to-date. Trying to read.
2026-05-08 08:35:10,310 [Worker-3: Loading available Gradle versions] INFO  o.e.b.c.i.u.g.PublishedGradleVersions - Gradle version information cache is up-to-date. Trying to read.
2026-05-11 08:22:40,081 [Worker-11: Loading available Gradle versions] INFO  o.e.b.c.i.u.g.PublishedGradleVersions - Gradle version information cache is out-of-date. Trying to update.
2026-05-13 08:36:55,855 [Worker-8: Loading available Gradle versions] INFO  o.e.b.c.i.u.g.PublishedGradleVersions - Gradle version information cache is out-of-date. Trying to update.
2026-05-15 08:27:50,452 [Worker-18: Loading available Gradle versions] INFO  o.e.b.c.i.u.g.PublishedGradleVersions - Gradle version information cache is out-of-date. Trying to update.
2026-05-22 08:23:07,883 [Worker-7: Loading available Gradle versions] INFO  o.e.b.c.i.u.g.PublishedGradleVersions - Gradle version information cache is out-of-date. Trying to update.
2026-05-25 08:21:35,473 [Worker-10: Loading available Gradle versions] INFO  o.e.b.c.i.u.g.PublishedGradleVersions - Gradle version information cache is out-of-date. Trying to update.
2026-05-27 08:48:03,526 [Worker-5: Loading available Gradle versions] INFO  o.e.b.c.i.u.g.PublishedGradleVersions - Gradle version information cache is out-of-date. Trying to update.
2026-05-27 09:20:06,946 [Worker-7: Loading available Gradle versions] INFO  o.e.b.c.i.u.g.PublishedGradleVersions - Gradle version information cache is up-to-date. Trying to read.
2026-05-27 15:12:59,839 [Worker-2: Loading available Gradle versions] INFO  o.e.b.c.i.u.g.PublishedGradleVersions - Gradle version information cache is up-to-date. Trying to read.
2026-05-29 09:13:43,268 [Worker-2: Loading available Gradle versions] INFO  o.e.b.c.i.u.g.PublishedGradleVersions - Gradle version information cache is out-of-date. Trying to update.
2026-06-01 08:30:50,381 [Worker-1: Loading available Gradle versions] INFO  o.e.b.c.i.u.g.PublishedGradleVersions - Gradle version information cache is out-of-date. Trying to update.
2026-06-03 08:25:22,734 [Worker-2: Loading available Gradle versions] INFO  o.e.b.c.i.u.g.PublishedGradleVersions - Gradle version information cache is out-of-date. Trying to update.
2026-06-03 09:02:07,550 [Worker-3: Loading available Gradle versions] INFO  o.e.b.c.i.u.g.PublishedGradleVersions - Gradle version information cache is up-to-date. Trying to read.
2026-06-05 08:27:27,528 [Worker-1: Loading available Gradle versions] INFO  o.e.b.c.i.u.g.PublishedGradleVersions - Gradle version information cache is up-to-date. Trying to read.
2026-06-08 08:25:27,316 [Worker-5: Loading available Gradle versions] INFO  o.e.b.c.i.u.g.PublishedGradleVersions - Gradle version information cache is out-of-date. Trying to update.
2026-06-10 08:41:02,702 [Worker-6: Loading available Gradle versions] INFO  o.e.b.c.i.u.g.PublishedGradleVersions - Gradle version information cache is up-to-date. Trying to read.
2026-06-10 09:10:53,682 [Worker-16: Loading available Gradle versions] INFO  o.e.b.c.i.u.g.PublishedGradleVersions - Gradle version information cache is up-to-date. Trying to read.
2026-06-12 08:44:02,896 [Worker-2: Loading available Gradle versions] INFO  o.e.b.c.i.u.g.PublishedGradleVersions - Gradle version information cache is out-of-date. Trying to update.
2026-06-15 08:35:05,258 [Worker-3: Loading available Gradle versions] INFO  o.e.b.c.i.u.g.PublishedGradleVersions - Gradle version information cache is out-of-date. Trying to update.
2026-06-17 08:30:09,482 [Worker-14: Loading available Gradle versions] INFO  o.e.b.c.i.u.g.PublishedGradleVersions - Gradle version information cache is out-of-date. Trying to update.
2026-06-22 08:26:38,193 [Worker-8: Loading available Gradle versions] INFO  o.e.b.c.i.u.g.PublishedGradleVersions - Gradle version information cache is out-of-date. Trying to update.
2026-06-22 09:28:48,133 [Worker-6: Loading available Gradle versions] INFO  o.e.b.c.i.u.g.PublishedGradleVersions - Gradle version information cache is up-to-date. Trying to read.
2026-06-26 08:26:48,169 [Worker-17: Loading available Gradle versions] INFO  o.e.b.c.i.u.g.PublishedGradleVersions - Gradle version information cache is out-of-date. Trying to update.
2026-06-26 09:26:13,630 [Worker-48: https://download.eclipse.org/technology/epp/packages/2024-06/202406061200/content.jar] INFO  o.a.h.c.h.i.c.HttpRequestRetryExec - Recoverable I/O exception (java.net.SocketException) caught when processing request to {s}->https://download.eclipse.org:443
2026-06-26 09:28:39,648 [Worker-0: Loading available Gradle versions] INFO  o.e.b.c.i.u.g.PublishedGradleVersions - Gradle version information cache is up-to-date. Trying to read.
2026-07-02 09:46:47,728 [Worker-7: Loading available Gradle versions] INFO  o.e.b.c.i.u.g.PublishedGradleVersions - Gradle version information cache is up-to-date. Trying to read.
2026-07-02 12:22:38,976 [Worker-59: Launching mavenrun-7acb0583-ad36-41dd-8876-4e318b47c503] INFO  o.eclipse.m2e.core.internal.Bundles - getClasspathEntries(Bundle=org.eclipse.m2e.maven.runtime_3.9.700.20240602-2313 [642])
2026-07-02 12:22:38,978 [Worker-59: Launching mavenrun-7acb0583-ad36-41dd-8876-4e318b47c503] INFO  o.eclipse.m2e.core.internal.Bundles - 	Entry: C:\Users\Admin\.p2\pool\plugins\org.eclipse.m2e.maven.runtime_3.9.700.20240602-2313
2026-07-02 12:22:38,978 [Worker-59: Launching mavenrun-7acb0583-ad36-41dd-8876-4e318b47c503] INFO  o.eclipse.m2e.core.internal.Bundles - 	Entry: C:\Users\Admin\.p2\pool\plugins\org.eclipse.m2e.maven.runtime_3.9.700.20240602-2313\jars\aopalliance-1.0.jar
2026-07-02 12:22:38,978 [Worker-59: Launching mavenrun-7acb0583-ad36-41dd-8876-4e318b47c503] INFO  o.eclipse.m2e.core.internal.Bundles - 	Entry: C:\Users\Admin\.p2\pool\plugins\org.eclipse.m2e.maven.runtime_3.9.700.20240602-2313\jars\guice-5.1.0.jar
2026-07-02 12:22:38,978 [Worker-59: Launching mavenrun-7acb0583-ad36-41dd-8876-4e318b47c503] INFO  o.eclipse.m2e.core.internal.Bundles - 	Entry: C:\Users\Admin\.p2\pool\plugins\org.eclipse.m2e.maven.runtime_3.9.700.20240602-2313\jars\httpclient-4.5.14.jar
2026-07-02 12:22:38,979 [Worker-59: Launching mavenrun-7acb0583-ad36-41dd-8876-4e318b47c503] INFO  o.eclipse.m2e.core.internal.Bundles - 	Entry: C:\Users\Admin\.p2\pool\plugins\org.eclipse.m2e.maven.runtime_3.9.700.20240602-2313\jars\httpcore-4.4.16.jar
2026-07-02 12:22:38,979 [Worker-59: Launching mavenrun-7acb0583-ad36-41dd-8876-4e318b47c503] INFO  o.eclipse.m2e.core.internal.Bundles - 	Entry: C:\Users\Admin\.p2\pool\plugins\org.eclipse.m2e.maven.runtime_3.9.700.20240602-2313\jars\jansi-2.4.1.jar
2026-07-02 12:22:38,979 [Worker-59: Launching mavenrun-7acb0583-ad36-41dd-8876-4e318b47c503] INFO  o.eclipse.m2e.core.internal.Bundles - 	Entry: C:\Users\Admin\.p2\pool\plugins\org.eclipse.m2e.maven.runtime_3.9.700.20240602-2313\jars\jcl-over-slf4j-1.7.36.jar
2026-07-02 12:22:38,979 [Worker-59: Launching mavenrun-7acb0583-ad36-41dd-8876-4e318b47c503] INFO  o.eclipse.m2e.core.internal.Bundles - 	Entry: C:\Users\Admin\.p2\pool\plugins\org.eclipse.m2e.maven.runtime_3.9.700.20240602-2313\jars\maven-artifact-3.9.7.jar
2026-07-02 12:22:38,979 [Worker-59: Launching mavenrun-7acb0583-ad36-41dd-8876-4e318b47c503] INFO  o.eclipse.m2e.core.internal.Bundles - 	Entry: C:\Users\Admin\.p2\pool\plugins\org.eclipse.m2e.maven.runtime_3.9.700.20240602-2313\jars\maven-builder-support-3.9.7.jar
2026-07-02 12:22:38,979 [Worker-59: Launching mavenrun-7acb0583-ad36-41dd-8876-4e318b47c503] INFO  o.eclipse.m2e.core.internal.Bundles - 	Entry: C:\Users\Admin\.p2\pool\plugins\org.eclipse.m2e.maven.runtime_3.9.700.20240602-2313\jars\maven-compat-3.9.7.jar
2026-07-02 12:22:38,979 [Worker-59: Launching mavenrun-7acb0583-ad36-41dd-8876-4e318b47c503] INFO  o.eclipse.m2e.core.internal.Bundles - 	Entry: C:\Users\Admin\.p2\pool\plugins\org.eclipse.m2e.maven.runtime_3.9.700.20240602-2313\jars\maven-core-3.9.7.jar
2026-07-02 12:22:38,979 [Worker-59: Launching mavenrun-7acb0583-ad36-41dd-8876-4e318b47c503] INFO  o.eclipse.m2e.core.internal.Bundles - 	Entry: C:\Users\Admin\.p2\pool\plugins\org.eclipse.m2e.maven.runtime_3.9.700.20240602-2313\jars\maven-embedder-3.9.7.jar
2026-07-02 12:22:38,980 [Worker-59: Launching mavenrun-7acb0583-ad36-41dd-8876-4e318b47c503] INFO  o.eclipse.m2e.core.internal.Bundles - 	Entry: C:\Users\Admin\.p2\pool\plugins\org.eclipse.m2e.maven.runtime_3.9.700.20240602-2313\jars\maven-model-3.9.7.jar
2026-07-02 12:22:38,980 [Worker-59: Launching mavenrun-7acb0583-ad36-41dd-8876-4e318b47c503] INFO  o.eclipse.m2e.core.internal.Bundles - 	Entry: C:\Users\Admin\.p2\pool\plugins\org.eclipse.m2e.maven.runtime_3.9.700.20240602-2313\jars\maven-model-builder-3.9.7.jar
2026-07-02 12:22:38,980 [Worker-59: Launching mavenrun-7acb0583-ad36-41dd-8876-4e318b47c503] INFO  o.eclipse.m2e.core.internal.Bundles - 	Entry: C:\Users\Admin\.p2\pool\plugins\org.eclipse.m2e.maven.runtime_3.9.700.20240602-2313\jars\maven-plugin-api-3.9.7.jar
2026-07-02 12:22:38,980 [Worker-59: Launching mavenrun-7acb0583-ad36-41dd-8876-4e318b47c503] INFO  o.eclipse.m2e.core.internal.Bundles - 	Entry: C:\Users\Admin\.p2\pool\plugins\org.eclipse.m2e.maven.runtime_3.9.700.20240602-2313\jars\maven-repository-metadata-3.9.7.jar
2026-07-02 12:22:38,980 [Worker-59: Launching mavenrun-7acb0583-ad36-41dd-8876-4e318b47c503] INFO  o.eclipse.m2e.core.internal.Bundles - 	Entry: C:\Users\Admin\.p2\pool\plugins\org.eclipse.m2e.maven.runtime_3.9.700.20240602-2313\jars\maven-resolver-api-1.9.20.jar
2026-07-02 12:22:38,980 [Worker-59: Launching mavenrun-7acb0583-ad36-41dd-8876-4e318b47c503] INFO  o.eclipse.m2e.core.internal.Bundles - 	Entry: C:\Users\Admin\.p2\pool\plugins\org.eclipse.m2e.maven.runtime_3.9.700.20240602-2313\jars\maven-resolver-connector-basic-1.9.20.jar
2026-07-02 12:22:38,980 [Worker-59: Launching mavenrun-7acb0583-ad36-41dd-8876-4e318b47c503] INFO  o.eclipse.m2e.core.internal.Bundles - 	Entry: C:\Users\Admin\.p2\pool\plugins\org.eclipse.m2e.maven.runtime_3.9.700.20240602-2313\jars\maven-resolver-impl-1.9.20.jar
2026-07-02 12:22:38,980 [Worker-59: Launching mavenrun-7acb0583-ad36-41dd-8876-4e318b47c503] INFO  o.eclipse.m2e.core.internal.Bundles - 	Entry: C:\Users\Admin\.p2\pool\plugins\org.eclipse.m2e.maven.runtime_3.9.700.20240602-2313\jars\maven-resolver-named-locks-1.9.20.jar
2026-07-02 12:22:38,980 [Worker-59: Launching mavenrun-7acb0583-ad36-41dd-8876-4e318b47c503] INFO  o.eclipse.m2e.core.internal.Bundles - 	Entry: C:\Users\Admin\.p2\pool\plugins\org.eclipse.m2e.maven.runtime_3.9.700.20240602-2313\jars\maven-resolver-provider-3.9.7.jar
2026-07-02 12:22:38,981 [Worker-59: Launching mavenrun-7acb0583-ad36-41dd-8876-4e318b47c503] INFO  o.eclipse.m2e.core.internal.Bundles - 	Entry: C:\Users\Admin\.p2\pool\plugins\org.eclipse.m2e.maven.runtime_3.9.700.20240602-2313\jars\maven-resolver-spi-1.9.20.jar
2026-07-02 12:22:38,981 [Worker-59: Launching mavenrun-7acb0583-ad36-41dd-8876-4e318b47c503] INFO  o.eclipse.m2e.core.internal.Bundles - 	Entry: C:\Users\Admin\.p2\pool\plugins\org.eclipse.m2e.maven.runtime_3.9.700.20240602-2313\jars\maven-resolver-transport-file-1.9.20.jar
2026-07-02 12:22:38,981 [Worker-59: Launching mavenrun-7acb0583-ad36-41dd-8876-4e318b47c503] INFO  o.eclipse.m2e.core.internal.Bundles - 	Entry: C:\Users\Admin\.p2\pool\plugins\org.eclipse.m2e.maven.runtime_3.9.700.20240602-2313\jars\maven-resolver-transport-http-1.9.20.jar
2026-07-02 12:22:38,981 [Worker-59: Launching mavenrun-7acb0583-ad36-41dd-8876-4e318b47c503] INFO  o.eclipse.m2e.core.internal.Bundles - 	Entry: C:\Users\Admin\.p2\pool\plugins\org.eclipse.m2e.maven.runtime_3.9.700.20240602-2313\jars\maven-resolver-transport-wagon-1.9.20.jar
2026-07-02 12:22:38,981 [Worker-59: Launching mavenrun-7acb0583-ad36-41dd-8876-4e318b47c503] INFO  o.eclipse.m2e.core.internal.Bundles - 	Entry: C:\Users\Admin\.p2\pool\plugins\org.eclipse.m2e.maven.runtime_3.9.700.20240602-2313\jars\maven-resolver-util-1.9.20.jar
2026-07-02 12:22:38,981 [Worker-59: Launching mavenrun-7acb0583-ad36-41dd-8876-4e318b47c503] INFO  o.eclipse.m2e.core.internal.Bundles - 	Entry: C:\Users\Admin\.p2\pool\plugins\org.eclipse.m2e.maven.runtime_3.9.700.20240602-2313\jars\maven-settings-3.9.7.jar
2026-07-02 12:22:38,981 [Worker-59: Launching mavenrun-7acb0583-ad36-41dd-8876-4e318b47c503] INFO  o.eclipse.m2e.core.internal.Bundles - 	Entry: C:\Users\Admin\.p2\pool\plugins\org.eclipse.m2e.maven.runtime_3.9.700.20240602-2313\jars\maven-settings-builder-3.9.7.jar
2026-07-02 12:22:38,981 [Worker-59: Launching mavenrun-7acb0583-ad36-41dd-8876-4e318b47c503] INFO  o.eclipse.m2e.core.internal.Bundles - 	Entry: C:\Users\Admin\.p2\pool\plugins\org.eclipse.m2e.maven.runtime_3.9.700.20240602-2313\jars\maven-shared-utils-3.4.2.jar
2026-07-02 12:22:38,981 [Worker-59: Launching mavenrun-7acb0583-ad36-41dd-8876-4e318b47c503] INFO  o.eclipse.m2e.core.internal.Bundles - 	Entry: C:\Users\Admin\.p2\pool\plugins\org.eclipse.m2e.maven.runtime_3.9.700.20240602-2313\jars\org.eclipse.sisu.inject-0.9.0.M2.jar
2026-07-02 12:22:38,982 [Worker-59: Launching mavenrun-7acb0583-ad36-41dd-8876-4e318b47c503] INFO  o.eclipse.m2e.core.internal.Bundles - 	Entry: C:\Users\Admin\.p2\pool\plugins\org.eclipse.m2e.maven.runtime_3.9.700.20240602-2313\jars\org.eclipse.sisu.plexus-0.9.0.M2.jar
2026-07-02 12:22:38,982 [Worker-59: Launching mavenrun-7acb0583-ad36-41dd-8876-4e318b47c503] INFO  o.eclipse.m2e.core.internal.Bundles - 	Entry: C:\Users\Admin\.p2\pool\plugins\org.eclipse.m2e.maven.runtime_3.9.700.20240602-2313\jars\plexus-build-api-0.0.7.jar
2026-07-02 12:22:38,982 [Worker-59: Launching mavenrun-7acb0583-ad36-41dd-8876-4e318b47c503] INFO  o.eclipse.m2e.core.internal.Bundles - 	Entry: C:\Users\Admin\.p2\pool\plugins\org.eclipse.m2e.maven.runtime_3.9.700.20240602-2313\jars\plexus-build-api-1.2.0.jar
2026-07-02 12:22:38,982 [Worker-59: Launching mavenrun-7acb0583-ad36-41dd-8876-4e318b47c503] INFO  o.eclipse.m2e.core.internal.Bundles - 	Entry: C:\Users\Admin\.p2\pool\plugins\org.eclipse.m2e.maven.runtime_3.9.700.20240602-2313\jars\plexus-cipher-2.0.jar
2026-07-02 12:22:38,982 [Worker-59: Launching mavenrun-7acb0583-ad36-41dd-8876-4e318b47c503] INFO  o.eclipse.m2e.core.internal.Bundles - 	Entry: C:\Users\Admin\.p2\pool\plugins\org.eclipse.m2e.maven.runtime_3.9.700.20240602-2313\jars\plexus-classworlds-2.8.0.jar
2026-07-02 12:22:38,982 [Worker-59: Launching mavenrun-7acb0583-ad36-41dd-8876-4e318b47c503] INFO  o.eclipse.m2e.core.internal.Bundles - 	Entry: C:\Users\Admin\.p2\pool\plugins\org.eclipse.m2e.maven.runtime_3.9.700.20240602-2313\jars\plexus-component-annotations-2.1.0.jar
2026-07-02 12:22:38,982 [Worker-59: Launching mavenrun-7acb0583-ad36-41dd-8876-4e318b47c503] INFO  o.eclipse.m2e.core.internal.Bundles - 	Entry: C:\Users\Admin\.p2\pool\plugins\org.eclipse.m2e.maven.runtime_3.9.700.20240602-2313\jars\plexus-interpolation-1.27.jar
2026-07-02 12:22:38,982 [Worker-59: Launching mavenrun-7acb0583-ad36-41dd-8876-4e318b47c503] INFO  o.eclipse.m2e.core.internal.Bundles - 	Entry: C:\Users\Admin\.p2\pool\plugins\org.eclipse.m2e.maven.runtime_3.9.700.20240602-2313\jars\plexus-sec-dispatcher-2.0.jar
2026-07-02 12:22:38,983 [Worker-59: Launching mavenrun-7acb0583-ad36-41dd-8876-4e318b47c503] INFO  o.eclipse.m2e.core.internal.Bundles - 	Entry: C:\Users\Admin\.p2\pool\plugins\org.eclipse.m2e.maven.runtime_3.9.700.20240602-2313\jars\plexus-utils-3.5.1.jar
2026-07-02 12:22:38,983 [Worker-59: Launching mavenrun-7acb0583-ad36-41dd-8876-4e318b47c503] INFO  o.eclipse.m2e.core.internal.Bundles - 	Entry: C:\Users\Admin\.p2\pool\plugins\org.eclipse.m2e.maven.runtime_3.9.700.20240602-2313\jars\wagon-file-3.5.3.jar
2026-07-02 12:22:38,983 [Worker-59: Launching mavenrun-7acb0583-ad36-41dd-8876-4e318b47c503] INFO  o.eclipse.m2e.core.internal.Bundles - 	Entry: C:\Users\Admin\.p2\pool\plugins\org.eclipse.m2e.maven.runtime_3.9.700.20240602-2313\jars\wagon-http-3.5.3.jar
2026-07-02 12:22:38,983 [Worker-59: Launching mavenrun-7acb0583-ad36-41dd-8876-4e318b47c503] INFO  o.eclipse.m2e.core.internal.Bundles - 	Entry: C:\Users\Admin\.p2\pool\plugins\org.eclipse.m2e.maven.runtime_3.9.700.20240602-2313\jars\wagon-http-shared-3.5.3.jar
2026-07-02 12:22:38,983 [Worker-59: Launching mavenrun-7acb0583-ad36-41dd-8876-4e318b47c503] INFO  o.eclipse.m2e.core.internal.Bundles - 	Entry: C:\Users\Admin\.p2\pool\plugins\org.eclipse.m2e.maven.runtime_3.9.700.20240602-2313\jars\wagon-provider-api-3.5.3.jar
2026-07-02 12:22:38,984 [Worker-59: Launching mavenrun-7acb0583-ad36-41dd-8876-4e318b47c503] INFO  o.eclipse.m2e.core.internal.Bundles - getClasspathEntries(Bundle=com.google.guava_33.4.8.jre [1147])
2026-07-02 12:22:38,985 [Worker-59: Launching mavenrun-7acb0583-ad36-41dd-8876-4e318b47c503] INFO  o.eclipse.m2e.core.internal.Bundles - 	Entry: C:\Users\Admin\.p2\pool\plugins\com.google.guava_33.4.8.jre.jar
2026-07-02 12:22:38,985 [Worker-59: Launching mavenrun-7acb0583-ad36-41dd-8876-4e318b47c503] INFO  o.eclipse.m2e.core.internal.Bundles - getClasspathEntries(Bundle=slf4j.api_2.0.17 [1007])
2026-07-02 12:22:38,985 [Worker-59: Launching mavenrun-7acb0583-ad36-41dd-8876-4e318b47c503] INFO  o.eclipse.m2e.core.internal.Bundles - 	Entry: C:\Users\Admin\.p2\pool\plugins\slf4j.api_2.0.17.jar
2026-07-02 12:22:38,985 [Worker-59: Launching mavenrun-7acb0583-ad36-41dd-8876-4e318b47c503] INFO  o.eclipse.m2e.core.internal.Bundles - getClasspathEntries(Bundle=javax.inject_1.0.0.v20091030 [1223])
2026-07-02 12:22:38,985 [Worker-59: Launching mavenrun-7acb0583-ad36-41dd-8876-4e318b47c503] INFO  o.eclipse.m2e.core.internal.Bundles - 	Entry: C:\Users\Admin\.p2\pool\plugins\javax.inject_1.0.0.v20091030.jar
2026-07-02 12:22:38,985 [Worker-59: Launching mavenrun-7acb0583-ad36-41dd-8876-4e318b47c503] INFO  o.eclipse.m2e.core.internal.Bundles - getClasspathEntries(Bundle=javax.annotation_1.3.5.v20200909-1856 [44])
2026-07-02 12:22:38,986 [Worker-59: Launching mavenrun-7acb0583-ad36-41dd-8876-4e318b47c503] INFO  o.eclipse.m2e.core.internal.Bundles - 	Entry: C:\Users\Admin\.p2\pool\plugins\javax.annotation_1.3.5.v20200909-1856.jar
2026-07-02 12:22:38,986 [Worker-59: Launching mavenrun-7acb0583-ad36-41dd-8876-4e318b47c503] INFO  o.eclipse.m2e.core.internal.Bundles - getClasspathEntries(Bundle=org.apache.commons.cli_1.9.0 [1161])
2026-07-02 12:22:38,986 [Worker-59: Launching mavenrun-7acb0583-ad36-41dd-8876-4e318b47c503] INFO  o.eclipse.m2e.core.internal.Bundles - 	Entry: C:\Users\Admin\.p2\pool\plugins\org.apache.commons.cli_1.9.0.jar
2026-07-02 12:22:38,986 [Worker-59: Launching mavenrun-7acb0583-ad36-41dd-8876-4e318b47c503] INFO  o.eclipse.m2e.core.internal.Bundles - getClasspathEntries(Bundle=org.apache.commons.commons-codec_1.16.0 [81])
2026-07-02 12:22:38,986 [Worker-59: Launching mavenrun-7acb0583-ad36-41dd-8876-4e318b47c503] INFO  o.eclipse.m2e.core.internal.Bundles - 	Entry: C:\Users\Admin\.p2\pool\plugins\org.apache.commons.commons-codec_1.16.0.jar
2026-07-02 12:22:38,986 [Worker-59: Launching mavenrun-7acb0583-ad36-41dd-8876-4e318b47c503] INFO  o.eclipse.m2e.core.internal.Bundles - getClasspathEntries(Bundle=org.apache.commons.lang3_3.17.0 [1064])
2026-07-02 12:22:38,986 [Worker-59: Launching mavenrun-7acb0583-ad36-41dd-8876-4e318b47c503] INFO  o.eclipse.m2e.core.internal.Bundles - 	Entry: C:\Users\Admin\.p2\pool\plugins\org.apache.commons.lang3_3.17.0.jar
2026-07-02 12:22:38,986 [Worker-59: Launching mavenrun-7acb0583-ad36-41dd-8876-4e318b47c503] INFO  o.eclipse.m2e.core.internal.Bundles - getClasspathEntries(Bundle=com.google.guava.failureaccess_1.0.3 [1148])
2026-07-02 12:22:38,987 [Worker-59: Launching mavenrun-7acb0583-ad36-41dd-8876-4e318b47c503] INFO  o.eclipse.m2e.core.internal.Bundles - 	Entry: C:\Users\Admin\.p2\pool\plugins\com.google.guava.failureaccess_1.0.3.jar
2026-07-02 12:22:38,989 [Worker-59: Launching mavenrun-7acb0583-ad36-41dd-8876-4e318b47c503] INFO  o.e.m.i.launch.MavenLaunchDelegate - Run build in "C:\Users\Admin\AppData\Local\Temp\m2e-archetypeGenerator769618751946871":
2026-07-02 12:22:38,991 [Worker-59: Launching mavenrun-7acb0583-ad36-41dd-8876-4e318b47c503] INFO  o.e.m.i.launch.MavenLaunchDelegate -  mvn  -DarchetypeGroupId=org.apache.maven.archetypes -DarchetypeArtifactId=maven-archetype-quickstart -DarchetypeVersion=1.1 -DgroupId=test -DartifactId=Tests -Dversion=0.0.1-SNAPSHOT -Dpackage=test.Tests -DoutputDirectory="C:\Users\Admin\JAVA MWF 8-00" -Dstyle.color=always -U archetype:generate
2026-07-02 12:22:44,244 [Worker-64: Creating maven-archetype-quickstart] INFO  o.e.m.c.i.p.ProjectConfigurationManager - Collecting project info '/pom.xml' C:\Users\Admin\JAVA MWF 8-00\Tests\pom.xml
2026-07-02 12:22:44,531 [Worker-64: Creating maven-archetype-quickstart] INFO  o.e.m.c.i.l.LifecycleMappingFactory - Using org.eclipse.m2e.jdt.JarLifecycleMapping lifecycle mapping for MavenProject: test:Tests:0.0.1-SNAPSHOT @ C:\Users\Admin\JAVA MWF 8-00\Tests\pom.xml.
2026-07-02 12:22:44,915 [Worker-64: Creating maven-archetype-quickstart] INFO  o.e.m.j.i.AbstractJavaProjectConfigurator - Adding source folder /Tests/src/main/java
2026-07-02 12:22:44,916 [Worker-64: Creating maven-archetype-quickstart] INFO  o.e.m.j.i.AbstractJavaProjectConfigurator - Adding resource folder /Tests/src/main/resources
2026-07-02 12:22:44,919 [Worker-64: Creating maven-archetype-quickstart] INFO  o.e.m.j.i.AbstractJavaProjectConfigurator - Adding source folder /Tests/src/test/java
2026-07-02 12:22:44,919 [Worker-64: Creating maven-archetype-quickstart] INFO  o.e.m.j.i.AbstractJavaProjectConfigurator - Adding resource folder /Tests/src/test/resources
2026-07-02 12:22:44,982 [Worker-64: Creating maven-archetype-quickstart] INFO  o.e.m.c.i.p.ProjectConfigurationManager - Imported and configured 1 project(s) in 0 sec
2026-07-02 12:22:45,267 [Worker-66: Building] INFO  o.a.m.s.f.DefaultMavenResourcesFiltering - skip non existing resourceDirectory C:\Users\Admin\JAVA MWF 8-00\Tests\src\main\resources
2026-07-02 12:22:45,270 [Worker-66: Building] INFO  o.a.m.s.f.DefaultMavenResourcesFiltering - skip non existing resourceDirectory C:\Users\Admin\JAVA MWF 8-00\Tests\src\test\resources
2026-07-02 12:23:25,053 [Worker-65: Building] INFO  o.a.m.s.f.DefaultMavenResourcesFiltering - skip non existing resourceDirectory C:\Users\Admin\JAVA MWF 8-00\Tests\src\main\resources
2026-07-02 12:23:25,055 [Worker-65: Building] INFO  o.a.m.s.f.DefaultMavenResourcesFiltering - skip non existing resourceDirectory C:\Users\Admin\JAVA MWF 8-00\Tests\src\test\resources
2026-07-02 12:23:43,462 [Worker-66: Building] INFO  o.a.m.s.f.DefaultMavenResourcesFiltering - skip non existing resourceDirectory C:\Users\Admin\JAVA MWF 8-00\Tests\src\main\resources
2026-07-02 12:23:43,463 [Worker-66: Building] INFO  o.a.m.s.f.DefaultMavenResourcesFiltering - skip non existing resourceDirectory C:\Users\Admin\JAVA MWF 8-00\Tests\src\test\resources
2026-07-02 12:23:56,220 [Worker-62: Building] INFO  o.a.m.s.f.DefaultMavenResourcesFiltering - skip non existing resourceDirectory C:\Users\Admin\JAVA MWF 8-00\Tests\src\main\resources
2026-07-02 12:23:56,222 [Worker-62: Building] INFO  o.a.m.s.f.DefaultMavenResourcesFiltering - skip non existing resourceDirectory C:\Users\Admin\JAVA MWF 8-00\Tests\src\test\resources
2026-07-02 12:24:40,116 [Worker-64: Building] INFO  o.e.m.c.i.l.LifecycleMappingFactory - Using org.eclipse.m2e.jdt.JarLifecycleMapping lifecycle mapping for MavenProject: test:Tests:0.0.1-SNAPSHOT @ C:\Users\Admin\JAVA MWF 8-00\Tests\pom.xml.
2026-07-02 12:24:40,241 [Worker-64: Building] INFO  o.a.m.s.f.DefaultMavenResourcesFiltering - skip non existing resourceDirectory C:\Users\Admin\JAVA MWF 8-00\Tests\src\main\resources
2026-07-02 12:24:40,245 [Worker-64: Building] INFO  o.a.m.s.f.DefaultMavenResourcesFiltering - skip non existing resourceDirectory C:\Users\Admin\JAVA MWF 8-00\Tests\src\test\resources
2026-07-02 12:24:41,563 [Worker-59: Building] INFO  o.a.m.s.f.DefaultMavenResourcesFiltering - skip non existing resourceDirectory C:\Users\Admin\JAVA MWF 8-00\Tests\src\main\resources
2026-07-02 12:24:41,565 [Worker-59: Building] INFO  o.a.m.s.f.DefaultMavenResourcesFiltering - skip non existing resourceDirectory C:\Users\Admin\JAVA MWF 8-00\Tests\src\test\resources
2026-07-02 12:25:51,766 [Worker-63: Building] INFO  o.a.m.s.f.DefaultMavenResourcesFiltering - skip non existing resourceDirectory C:\Users\Admin\JAVA MWF 8-00\Tests\src\main\resources
2026-07-02 12:25:51,768 [Worker-63: Building] INFO  o.a.m.s.f.DefaultMavenResourcesFiltering - skip non existing resourceDirectory C:\Users\Admin\JAVA MWF 8-00\Tests\src\test\resources
2026-07-02 12:26:00,089 [Worker-68: Building] INFO  o.a.m.s.f.DefaultMavenResourcesFiltering - skip non existing resourceDirectory C:\Users\Admin\JAVA MWF 8-00\Tests\src\main\resources
2026-07-02 12:26:00,092 [Worker-68: Building] INFO  o.a.m.s.f.DefaultMavenResourcesFiltering - skip non existing resourceDirectory C:\Users\Admin\JAVA MWF 8-00\Tests\src\test\resources
2026-07-02 12:26:49,968 [Worker-64: Building] INFO  o.a.m.s.f.DefaultMavenResourcesFiltering - skip non existing resourceDirectory C:\Users\Admin\JAVA MWF 8-00\Tests\src\main\resources
2026-07-02 12:26:49,969 [Worker-64: Building] INFO  o.a.m.s.f.DefaultMavenResourcesFiltering - skip non existing resourceDirectory C:\Users\Admin\JAVA MWF 8-00\Tests\src\test\resources
2026-07-03 08:28:35,379 [Worker-0: Loading available Gradle versions] INFO  o.e.b.c.i.u.g.PublishedGradleVersions - Gradle version information cache is up-to-date. Trying to read.
2026-07-03 08:29:26,967 [Worker-14: Updating Maven Dependencies] ERROR o.e.m.j.i.l.MavenLaunchConfigurationListener - Launch configuration CalcTest references non-existing project Tests.
org.eclipse.core.runtime.CoreException: Launch configuration CalcTest references non-existing project Tests.
	at org.eclipse.jdt.launching.JavaRuntime.abort(JavaRuntime.java:1867)
	at org.eclipse.jdt.launching.JavaRuntime.getJavaProject(JavaRuntime.java:1744)
	at org.eclipse.m2e.jdt.internal.launch.MavenLaunchConfigurationListener.updateLaunchConfiguration(MavenLaunchConfigurationListener.java:64)
	at org.eclipse.m2e.jdt.internal.launch.MavenLaunchConfigurationListener.launchConfigurationChanged(MavenLaunchConfigurationListener.java:50)
	at org.eclipse.debug.internal.core.LaunchManager$ConfigurationNotifier.run(LaunchManager.java:220)
	at org.eclipse.core.runtime.SafeRunner.run(SafeRunner.java:47)
	at org.eclipse.debug.internal.core.LaunchManager$ConfigurationNotifier.notify(LaunchManager.java:204)
	at org.eclipse.debug.internal.core.LaunchConfigurationWorkingCopy.setDirty(LaunchConfigurationWorkingCopy.java:527)
	at org.eclipse.debug.internal.core.LaunchConfigurationWorkingCopy.setAttribute(LaunchConfigurationWorkingCopy.java:415)
	at org.eclipse.m2e.jdt.internal.launch.MavenRuntimeClasspathProvider.disable(MavenRuntimeClasspathProvider.java:409)
	at org.eclipse.m2e.jdt.internal.launch.MavenRuntimeClasspathProvider.disable(MavenRuntimeClasspathProvider.java:435)
	at org.eclipse.m2e.jdt.internal.launch.MavenLaunchConfigurationListener.mavenProjectChanged(MavenLaunchConfigurationListener.java:135)
	at org.eclipse.m2e.core.internal.project.registry.ProjectRegistryManager.notifyProjectChangeListeners(ProjectRegistryManager.java:892)
	at org.eclipse.m2e.core.internal.project.registry.ProjectRegistryManager.applyMutableProjectRegistry(ProjectRegistryManager.java:1042)
	at org.eclipse.m2e.core.internal.project.registry.ProjectRegistryRefreshJob.lambda$0(ProjectRegistryRefreshJob.java:162)
	at org.eclipse.m2e.core.internal.embedder.MavenExecutionContext.executeBare(MavenExecutionContext.java:458)
	at org.eclipse.m2e.core.internal.embedder.MavenExecutionContext.execute(MavenExecutionContext.java:339)
	at org.eclipse.m2e.core.internal.embedder.MavenExecutionContext.execute(MavenExecutionContext.java:278)
	at org.eclipse.m2e.core.internal.project.registry.ProjectRegistryRefreshJob.run(ProjectRegistryRefreshJob.java:106)
	at org.eclipse.core.internal.jobs.Worker.run(Worker.java:63)
2026-07-03 08:29:26,971 [Worker-14: Updating Maven Dependencies] ERROR o.e.m.j.i.l.MavenLaunchConfigurationListener - Launch configuration CalcTest references non-existing project Tests.
org.eclipse.core.runtime.CoreException: Launch configuration CalcTest references non-existing project Tests.
	at org.eclipse.jdt.launching.JavaRuntime.abort(JavaRuntime.java:1867)
	at org.eclipse.jdt.launching.JavaRuntime.getJavaProject(JavaRuntime.java:1744)
	at org.eclipse.m2e.jdt.internal.launch.MavenLaunchConfigurationListener.updateLaunchConfiguration(MavenLaunchConfigurationListener.java:64)
	at org.eclipse.m2e.jdt.internal.launch.MavenLaunchConfigurationListener.launchConfigurationChanged(MavenLaunchConfigurationListener.java:50)
	at org.eclipse.debug.internal.core.LaunchManager$ConfigurationNotifier.run(LaunchManager.java:220)
	at org.eclipse.core.runtime.SafeRunner.run(SafeRunner.java:47)
	at org.eclipse.debug.internal.core.LaunchManager$ConfigurationNotifier.notify(LaunchManager.java:204)
	at org.eclipse.debug.internal.core.LaunchConfigurationWorkingCopy.setDirty(LaunchConfigurationWorkingCopy.java:527)
	at org.eclipse.debug.internal.core.LaunchConfigurationWorkingCopy.setAttribute(LaunchConfigurationWorkingCopy.java:415)
	at org.eclipse.m2e.jdt.internal.launch.MavenRuntimeClasspathProvider.disable(MavenRuntimeClasspathProvider.java:410)
	at org.eclipse.m2e.jdt.internal.launch.MavenRuntimeClasspathProvider.disable(MavenRuntimeClasspathProvider.java:435)
	at org.eclipse.m2e.jdt.internal.launch.MavenLaunchConfigurationListener.mavenProjectChanged(MavenLaunchConfigurationListener.java:135)
	at org.eclipse.m2e.core.internal.project.registry.ProjectRegistryManager.notifyProjectChangeListeners(ProjectRegistryManager.java:892)
	at org.eclipse.m2e.core.internal.project.registry.ProjectRegistryManager.applyMutableProjectRegistry(ProjectRegistryManager.java:1042)
	at org.eclipse.m2e.core.internal.project.registry.ProjectRegistryRefreshJob.lambda$0(ProjectRegistryRefreshJob.java:162)
	at org.eclipse.m2e.core.internal.embedder.MavenExecutionContext.executeBare(MavenExecutionContext.java:458)
	at org.eclipse.m2e.core.internal.embedder.MavenExecutionContext.execute(MavenExecutionContext.java:339)
	at org.eclipse.m2e.core.internal.embedder.MavenExecutionContext.execute(MavenExecutionContext.java:278)
	at org.eclipse.m2e.core.internal.project.registry.ProjectRegistryRefreshJob.run(ProjectRegistryRefreshJob.java:106)
	at org.eclipse.core.internal.jobs.Worker.run(Worker.java:63)
2026-07-03 08:29:26,974 [Worker-14: Updating Maven Dependencies] ERROR o.e.m.j.i.l.MavenLaunchConfigurationListener - Launch configuration CalcTest references non-existing project Tests.
org.eclipse.core.runtime.CoreException: Launch configuration CalcTest references non-existing project Tests.
	at org.eclipse.jdt.launching.JavaRuntime.abort(JavaRuntime.java:1867)
	at org.eclipse.jdt.launching.JavaRuntime.getJavaProject(JavaRuntime.java:1744)
	at org.eclipse.m2e.jdt.internal.launch.MavenLaunchConfigurationListener.updateLaunchConfiguration(MavenLaunchConfigurationListener.java:64)
	at org.eclipse.m2e.jdt.internal.launch.MavenLaunchConfigurationListener.launchConfigurationChanged(MavenLaunchConfigurationListener.java:50)
	at org.eclipse.debug.internal.core.LaunchManager$ConfigurationNotifier.run(LaunchManager.java:220)
	at org.eclipse.core.runtime.SafeRunner.run(SafeRunner.java:47)
	at org.eclipse.debug.internal.core.LaunchManager$ConfigurationNotifier.notify(LaunchManager.java:204)
	at org.eclipse.debug.internal.core.LaunchManager.launchConfigurationChanged(LaunchManager.java:2010)
	at org.eclipse.debug.internal.core.LaunchConfigurationWorkingCopy.writeNewFile(LaunchConfigurationWorkingCopy.java:380)
	at org.eclipse.debug.internal.core.LaunchConfigurationWorkingCopy.doSave0(LaunchConfigurationWorkingCopy.java:259)
	at org.eclipse.debug.internal.core.LaunchConfigurationWorkingCopy.doSave(LaunchConfigurationWorkingCopy.java:229)
	at org.eclipse.debug.internal.core.LaunchConfigurationWorkingCopy.doSave(LaunchConfigurationWorkingCopy.java:187)
	at org.eclipse.m2e.jdt.internal.launch.MavenRuntimeClasspathProvider.disable(MavenRuntimeClasspathProvider.java:411)
	at org.eclipse.m2e.jdt.internal.launch.MavenRuntimeClasspathProvider.disable(MavenRuntimeClasspathProvider.java:435)
	at org.eclipse.m2e.jdt.internal.launch.MavenLaunchConfigurationListener.mavenProjectChanged(MavenLaunchConfigurationListener.java:135)
	at org.eclipse.m2e.core.internal.project.registry.ProjectRegistryManager.notifyProjectChangeListeners(ProjectRegistryManager.java:892)
	at org.eclipse.m2e.core.internal.project.registry.ProjectRegistryManager.applyMutableProjectRegistry(ProjectRegistryManager.java:1042)
	at org.eclipse.m2e.core.internal.project.registry.ProjectRegistryRefreshJob.lambda$0(ProjectRegistryRefreshJob.java:162)
	at org.eclipse.m2e.core.internal.embedder.MavenExecutionContext.executeBare(MavenExecutionContext.java:458)
	at org.eclipse.m2e.core.internal.embedder.MavenExecutionContext.execute(MavenExecutionContext.java:339)
	at org.eclipse.m2e.core.internal.embedder.MavenExecutionContext.execute(MavenExecutionContext.java:278)
	at org.eclipse.m2e.core.internal.project.registry.ProjectRegistryRefreshJob.run(ProjectRegistryRefreshJob.java:106)
	at org.eclipse.core.internal.jobs.Worker.run(Worker.java:63)
2026-07-04 16:10:42,548 [Worker-8: Loading available Gradle versions] INFO  o.e.b.c.i.u.g.PublishedGradleVersions - Gradle version information cache is out-of-date. Trying to update.
2026-07-06 11:41:23,118 [Worker-6: Loading available Gradle versions] INFO  o.e.b.c.i.u.g.PublishedGradleVersions - Gradle version information cache is up-to-date. Trying to read.
2026-07-09 10:15:09,185 [Worker-7: Loading available Gradle versions] INFO  o.e.b.c.i.u.g.PublishedGradleVersions - Gradle version information cache is out-of-date. Trying to update.
2026-07-09 10:20:16,819 [Worker-19: Launching mavenrun-71849e03-fd71-4d20-9bcb-0c163e850a4e] INFO  o.eclipse.m2e.core.internal.Bundles - getClasspathEntries(Bundle=org.eclipse.m2e.maven.runtime_3.9.700.20240602-2313 [642])
2026-07-09 10:20:16,822 [Worker-19: Launching mavenrun-71849e03-fd71-4d20-9bcb-0c163e850a4e] INFO  o.eclipse.m2e.core.internal.Bundles - 	Entry: C:\Users\Admin\.p2\pool\plugins\org.eclipse.m2e.maven.runtime_3.9.700.20240602-2313
2026-07-09 10:20:16,822 [Worker-19: Launching mavenrun-71849e03-fd71-4d20-9bcb-0c163e850a4e] INFO  o.eclipse.m2e.core.internal.Bundles - 	Entry: C:\Users\Admin\.p2\pool\plugins\org.eclipse.m2e.maven.runtime_3.9.700.20240602-2313\jars\aopalliance-1.0.jar
2026-07-09 10:20:16,822 [Worker-19: Launching mavenrun-71849e03-fd71-4d20-9bcb-0c163e850a4e] INFO  o.eclipse.m2e.core.internal.Bundles - 	Entry: C:\Users\Admin\.p2\pool\plugins\org.eclipse.m2e.maven.runtime_3.9.700.20240602-2313\jars\guice-5.1.0.jar
2026-07-09 10:20:16,822 [Worker-19: Launching mavenrun-71849e03-fd71-4d20-9bcb-0c163e850a4e] INFO  o.eclipse.m2e.core.internal.Bundles - 	Entry: C:\Users\Admin\.p2\pool\plugins\org.eclipse.m2e.maven.runtime_3.9.700.20240602-2313\jars\httpclient-4.5.14.jar
2026-07-09 10:20:16,822 [Worker-19: Launching mavenrun-71849e03-fd71-4d20-9bcb-0c163e850a4e] INFO  o.eclipse.m2e.core.internal.Bundles - 	Entry: C:\Users\Admin\.p2\pool\plugins\org.eclipse.m2e.maven.runtime_3.9.700.20240602-2313\jars\httpcore-4.4.16.jar
2026-07-09 10:20:16,823 [Worker-19: Launching mavenrun-71849e03-fd71-4d20-9bcb-0c163e850a4e] INFO  o.eclipse.m2e.core.internal.Bundles - 	Entry: C:\Users\Admin\.p2\pool\plugins\org.eclipse.m2e.maven.runtime_3.9.700.20240602-2313\jars\jansi-2.4.1.jar
2026-07-09 10:20:16,823 [Worker-19: Launching mavenrun-71849e03-fd71-4d20-9bcb-0c163e850a4e] INFO  o.eclipse.m2e.core.internal.Bundles - 	Entry: C:\Users\Admin\.p2\pool\plugins\org.eclipse.m2e.maven.runtime_3.9.700.20240602-2313\jars\jcl-over-slf4j-1.7.36.jar
2026-07-09 10:20:16,823 [Worker-19: Launching mavenrun-71849e03-fd71-4d20-9bcb-0c163e850a4e] INFO  o.eclipse.m2e.core.internal.Bundles - 	Entry: C:\Users\Admin\.p2\pool\plugins\org.eclipse.m2e.maven.runtime_3.9.700.20240602-2313\jars\maven-artifact-3.9.7.jar
2026-07-09 10:20:16,823 [Worker-19: Launching mavenrun-71849e03-fd71-4d20-9bcb-0c163e850a4e] INFO  o.eclipse.m2e.core.internal.Bundles - 	Entry: C:\Users\Admin\.p2\pool\plugins\org.eclipse.m2e.maven.runtime_3.9.700.20240602-2313\jars\maven-builder-support-3.9.7.jar
2026-07-09 10:20:16,823 [Worker-19: Launching mavenrun-71849e03-fd71-4d20-9bcb-0c163e850a4e] INFO  o.eclipse.m2e.core.internal.Bundles - 	Entry: C:\Users\Admin\.p2\pool\plugins\org.eclipse.m2e.maven.runtime_3.9.700.20240602-2313\jars\maven-compat-3.9.7.jar
2026-07-09 10:20:16,823 [Worker-19: Launching mavenrun-71849e03-fd71-4d20-9bcb-0c163e850a4e] INFO  o.eclipse.m2e.core.internal.Bundles - 	Entry: C:\Users\Admin\.p2\pool\plugins\org.eclipse.m2e.maven.runtime_3.9.700.20240602-2313\jars\maven-core-3.9.7.jar
2026-07-09 10:20:16,824 [Worker-19: Launching mavenrun-71849e03-fd71-4d20-9bcb-0c163e850a4e] INFO  o.eclipse.m2e.core.internal.Bundles - 	Entry: C:\Users\Admin\.p2\pool\plugins\org.eclipse.m2e.maven.runtime_3.9.700.20240602-2313\jars\maven-embedder-3.9.7.jar
2026-07-09 10:20:16,824 [Worker-19: Launching mavenrun-71849e03-fd71-4d20-9bcb-0c163e850a4e] INFO  o.eclipse.m2e.core.internal.Bundles - 	Entry: C:\Users\Admin\.p2\pool\plugins\org.eclipse.m2e.maven.runtime_3.9.700.20240602-2313\jars\maven-model-3.9.7.jar
2026-07-09 10:20:16,824 [Worker-19: Launching mavenrun-71849e03-fd71-4d20-9bcb-0c163e850a4e] INFO  o.eclipse.m2e.core.internal.Bundles - 	Entry: C:\Users\Admin\.p2\pool\plugins\org.eclipse.m2e.maven.runtime_3.9.700.20240602-2313\jars\maven-model-builder-3.9.7.jar
2026-07-09 10:20:16,824 [Worker-19: Launching mavenrun-71849e03-fd71-4d20-9bcb-0c163e850a4e] INFO  o.eclipse.m2e.core.internal.Bundles - 	Entry: C:\Users\Admin\.p2\pool\plugins\org.eclipse.m2e.maven.runtime_3.9.700.20240602-2313\jars\maven-plugin-api-3.9.7.jar
2026-07-09 10:20:16,824 [Worker-19: Launching mavenrun-71849e03-fd71-4d20-9bcb-0c163e850a4e] INFO  o.eclipse.m2e.core.internal.Bundles - 	Entry: C:\Users\Admin\.p2\pool\plugins\org.eclipse.m2e.maven.runtime_3.9.700.20240602-2313\jars\maven-repository-metadata-3.9.7.jar
2026-07-09 10:20:16,824 [Worker-19: Launching mavenrun-71849e03-fd71-4d20-9bcb-0c163e850a4e] INFO  o.eclipse.m2e.core.internal.Bundles - 	Entry: C:\Users\Admin\.p2\pool\plugins\org.eclipse.m2e.maven.runtime_3.9.700.20240602-2313\jars\maven-resolver-api-1.9.20.jar
2026-07-09 10:20:16,824 [Worker-19: Launching mavenrun-71849e03-fd71-4d20-9bcb-0c163e850a4e] INFO  o.eclipse.m2e.core.internal.Bundles - 	Entry: C:\Users\Admin\.p2\pool\plugins\org.eclipse.m2e.maven.runtime_3.9.700.20240602-2313\jars\maven-resolver-connector-basic-1.9.20.jar
2026-07-09 10:20:16,825 [Worker-19: Launching mavenrun-71849e03-fd71-4d20-9bcb-0c163e850a4e] INFO  o.eclipse.m2e.core.internal.Bundles - 	Entry: C:\Users\Admin\.p2\pool\plugins\org.eclipse.m2e.maven.runtime_3.9.700.20240602-2313\jars\maven-resolver-impl-1.9.20.jar
2026-07-09 10:20:16,825 [Worker-19: Launching mavenrun-71849e03-fd71-4d20-9bcb-0c163e850a4e] INFO  o.eclipse.m2e.core.internal.Bundles - 	Entry: C:\Users\Admin\.p2\pool\plugins\org.eclipse.m2e.maven.runtime_3.9.700.20240602-2313\jars\maven-resolver-named-locks-1.9.20.jar
2026-07-09 10:20:16,825 [Worker-19: Launching mavenrun-71849e03-fd71-4d20-9bcb-0c163e850a4e] INFO  o.eclipse.m2e.core.internal.Bundles - 	Entry: C:\Users\Admin\.p2\pool\plugins\org.eclipse.m2e.maven.runtime_3.9.700.20240602-2313\jars\maven-resolver-provider-3.9.7.jar
2026-07-09 10:20:16,825 [Worker-19: Launching mavenrun-71849e03-fd71-4d20-9bcb-0c163e850a4e] INFO  o.eclipse.m2e.core.internal.Bundles - 	Entry: C:\Users\Admin\.p2\pool\plugins\org.eclipse.m2e.maven.runtime_3.9.700.20240602-2313\jars\maven-resolver-spi-1.9.20.jar
2026-07-09 10:20:16,825 [Worker-19: Launching mavenrun-71849e03-fd71-4d20-9bcb-0c163e850a4e] INFO  o.eclipse.m2e.core.internal.Bundles - 	Entry: C:\Users\Admin\.p2\pool\plugins\org.eclipse.m2e.maven.runtime_3.9.700.20240602-2313\jars\maven-resolver-transport-file-1.9.20.jar
2026-07-09 10:20:16,825 [Worker-19: Launching mavenrun-71849e03-fd71-4d20-9bcb-0c163e850a4e] INFO  o.eclipse.m2e.core.internal.Bundles - 	Entry: C:\Users\Admin\.p2\pool\plugins\org.eclipse.m2e.maven.runtime_3.9.700.20240602-2313\jars\maven-resolver-transport-http-1.9.20.jar
2026-07-09 10:20:16,825 [Worker-19: Launching mavenrun-71849e03-fd71-4d20-9bcb-0c163e850a4e] INFO  o.eclipse.m2e.core.internal.Bundles - 	Entry: C:\Users\Admin\.p2\pool\plugins\org.eclipse.m2e.maven.runtime_3.9.700.20240602-2313\jars\maven-resolver-transport-wagon-1.9.20.jar
2026-07-09 10:20:16,825 [Worker-19: Launching mavenrun-71849e03-fd71-4d20-9bcb-0c163e850a4e] INFO  o.eclipse.m2e.core.internal.Bundles - 	Entry: C:\Users\Admin\.p2\pool\plugins\org.eclipse.m2e.maven.runtime_3.9.700.20240602-2313\jars\maven-resolver-util-1.9.20.jar
2026-07-09 10:20:16,826 [Worker-19: Launching mavenrun-71849e03-fd71-4d20-9bcb-0c163e850a4e] INFO  o.eclipse.m2e.core.internal.Bundles - 	Entry: C:\Users\Admin\.p2\pool\plugins\org.eclipse.m2e.maven.runtime_3.9.700.20240602-2313\jars\maven-settings-3.9.7.jar
2026-07-09 10:20:16,826 [Worker-19: Launching mavenrun-71849e03-fd71-4d20-9bcb-0c163e850a4e] INFO  o.eclipse.m2e.core.internal.Bundles - 	Entry: C:\Users\Admin\.p2\pool\plugins\org.eclipse.m2e.maven.runtime_3.9.700.20240602-2313\jars\maven-settings-builder-3.9.7.jar
2026-07-09 10:20:16,826 [Worker-19: Launching mavenrun-71849e03-fd71-4d20-9bcb-0c163e850a4e] INFO  o.eclipse.m2e.core.internal.Bundles - 	Entry: C:\Users\Admin\.p2\pool\plugins\org.eclipse.m2e.maven.runtime_3.9.700.20240602-2313\jars\maven-shared-utils-3.4.2.jar
2026-07-09 10:20:16,826 [Worker-19: Launching mavenrun-71849e03-fd71-4d20-9bcb-0c163e850a4e] INFO  o.eclipse.m2e.core.internal.Bundles - 	Entry: C:\Users\Admin\.p2\pool\plugins\org.eclipse.m2e.maven.runtime_3.9.700.20240602-2313\jars\org.eclipse.sisu.inject-0.9.0.M2.jar
2026-07-09 10:20:16,826 [Worker-19: Launching mavenrun-71849e03-fd71-4d20-9bcb-0c163e850a4e] INFO  o.eclipse.m2e.core.internal.Bundles - 	Entry: C:\Users\Admin\.p2\pool\plugins\org.eclipse.m2e.maven.runtime_3.9.700.20240602-2313\jars\org.eclipse.sisu.plexus-0.9.0.M2.jar
2026-07-09 10:20:16,826 [Worker-19: Launching mavenrun-71849e03-fd71-4d20-9bcb-0c163e850a4e] INFO  o.eclipse.m2e.core.internal.Bundles - 	Entry: C:\Users\Admin\.p2\pool\plugins\org.eclipse.m2e.maven.runtime_3.9.700.20240602-2313\jars\plexus-build-api-0.0.7.jar
2026-07-09 10:20:16,826 [Worker-19: Launching mavenrun-71849e03-fd71-4d20-9bcb-0c163e850a4e] INFO  o.eclipse.m2e.core.internal.Bundles - 	Entry: C:\Users\Admin\.p2\pool\plugins\org.eclipse.m2e.maven.runtime_3.9.700.20240602-2313\jars\plexus-build-api-1.2.0.jar
2026-07-09 10:20:16,827 [Worker-19: Launching mavenrun-71849e03-fd71-4d20-9bcb-0c163e850a4e] INFO  o.eclipse.m2e.core.internal.Bundles - 	Entry: C:\Users\Admin\.p2\pool\plugins\org.eclipse.m2e.maven.runtime_3.9.700.20240602-2313\jars\plexus-cipher-2.0.jar
2026-07-09 10:20:16,827 [Worker-19: Launching mavenrun-71849e03-fd71-4d20-9bcb-0c163e850a4e] INFO  o.eclipse.m2e.core.internal.Bundles - 	Entry: C:\Users\Admin\.p2\pool\plugins\org.eclipse.m2e.maven.runtime_3.9.700.20240602-2313\jars\plexus-classworlds-2.8.0.jar
2026-07-09 10:20:16,827 [Worker-19: Launching mavenrun-71849e03-fd71-4d20-9bcb-0c163e850a4e] INFO  o.eclipse.m2e.core.internal.Bundles - 	Entry: C:\Users\Admin\.p2\pool\plugins\org.eclipse.m2e.maven.runtime_3.9.700.20240602-2313\jars\plexus-component-annotations-2.1.0.jar
2026-07-09 10:20:16,827 [Worker-19: Launching mavenrun-71849e03-fd71-4d20-9bcb-0c163e850a4e] INFO  o.eclipse.m2e.core.internal.Bundles - 	Entry: C:\Users\Admin\.p2\pool\plugins\org.eclipse.m2e.maven.runtime_3.9.700.20240602-2313\jars\plexus-interpolation-1.27.jar
2026-07-09 10:20:16,827 [Worker-19: Launching mavenrun-71849e03-fd71-4d20-9bcb-0c163e850a4e] INFO  o.eclipse.m2e.core.internal.Bundles - 	Entry: C:\Users\Admin\.p2\pool\plugins\org.eclipse.m2e.maven.runtime_3.9.700.20240602-2313\jars\plexus-sec-dispatcher-2.0.jar
2026-07-09 10:20:16,827 [Worker-19: Launching mavenrun-71849e03-fd71-4d20-9bcb-0c163e850a4e] INFO  o.eclipse.m2e.core.internal.Bundles - 	Entry: C:\Users\Admin\.p2\pool\plugins\org.eclipse.m2e.maven.runtime_3.9.700.20240602-2313\jars\plexus-utils-3.5.1.jar
2026-07-09 10:20:16,827 [Worker-19: Launching mavenrun-71849e03-fd71-4d20-9bcb-0c163e850a4e] INFO  o.eclipse.m2e.core.internal.Bundles - 	Entry: C:\Users\Admin\.p2\pool\plugins\org.eclipse.m2e.maven.runtime_3.9.700.20240602-2313\jars\wagon-file-3.5.3.jar
2026-07-09 10:20:16,828 [Worker-19: Launching mavenrun-71849e03-fd71-4d20-9bcb-0c163e850a4e] INFO  o.eclipse.m2e.core.internal.Bundles - 	Entry: C:\Users\Admin\.p2\pool\plugins\org.eclipse.m2e.maven.runtime_3.9.700.20240602-2313\jars\wagon-http-3.5.3.jar
2026-07-09 10:20:16,828 [Worker-19: Launching mavenrun-71849e03-fd71-4d20-9bcb-0c163e850a4e] INFO  o.eclipse.m2e.core.internal.Bundles - 	Entry: C:\Users\Admin\.p2\pool\plugins\org.eclipse.m2e.maven.runtime_3.9.700.20240602-2313\jars\wagon-http-shared-3.5.3.jar
2026-07-09 10:20:16,828 [Worker-19: Launching mavenrun-71849e03-fd71-4d20-9bcb-0c163e850a4e] INFO  o.eclipse.m2e.core.internal.Bundles - 	Entry: C:\Users\Admin\.p2\pool\plugins\org.eclipse.m2e.maven.runtime_3.9.700.20240602-2313\jars\wagon-provider-api-3.5.3.jar
2026-07-09 10:20:16,829 [Worker-19: Launching mavenrun-71849e03-fd71-4d20-9bcb-0c163e850a4e] INFO  o.eclipse.m2e.core.internal.Bundles - getClasspathEntries(Bundle=com.google.guava_33.4.8.jre [1147])
2026-07-09 10:20:16,829 [Worker-19: Launching mavenrun-71849e03-fd71-4d20-9bcb-0c163e850a4e] INFO  o.eclipse.m2e.core.internal.Bundles - 	Entry: C:\Users\Admin\.p2\pool\plugins\com.google.guava_33.4.8.jre.jar
2026-07-09 10:20:16,829 [Worker-19: Launching mavenrun-71849e03-fd71-4d20-9bcb-0c163e850a4e] INFO  o.eclipse.m2e.core.internal.Bundles - getClasspathEntries(Bundle=slf4j.api_2.0.17 [1007])
2026-07-09 10:20:16,830 [Worker-19: Launching mavenrun-71849e03-fd71-4d20-9bcb-0c163e850a4e] INFO  o.eclipse.m2e.core.internal.Bundles - 	Entry: C:\Users\Admin\.p2\pool\plugins\slf4j.api_2.0.17.jar
2026-07-09 10:20:16,830 [Worker-19: Launching mavenrun-71849e03-fd71-4d20-9bcb-0c163e850a4e] INFO  o.eclipse.m2e.core.internal.Bundles - getClasspathEntries(Bundle=javax.inject_1.0.0.v20091030 [1223])
2026-07-09 10:20:16,830 [Worker-19: Launching mavenrun-71849e03-fd71-4d20-9bcb-0c163e850a4e] INFO  o.eclipse.m2e.core.internal.Bundles - 	Entry: C:\Users\Admin\.p2\pool\plugins\javax.inject_1.0.0.v20091030.jar
2026-07-09 10:20:16,830 [Worker-19: Launching mavenrun-71849e03-fd71-4d20-9bcb-0c163e850a4e] INFO  o.eclipse.m2e.core.internal.Bundles - getClasspathEntries(Bundle=javax.annotation_1.3.5.v20200909-1856 [44])
2026-07-09 10:20:16,830 [Worker-19: Launching mavenrun-71849e03-fd71-4d20-9bcb-0c163e850a4e] INFO  o.eclipse.m2e.core.internal.Bundles - 	Entry: C:\Users\Admin\.p2\pool\plugins\javax.annotation_1.3.5.v20200909-1856.jar
2026-07-09 10:20:16,831 [Worker-19: Launching mavenrun-71849e03-fd71-4d20-9bcb-0c163e850a4e] INFO  o.eclipse.m2e.core.internal.Bundles - getClasspathEntries(Bundle=org.apache.commons.cli_1.9.0 [1161])
2026-07-09 10:20:16,831 [Worker-19: Launching mavenrun-71849e03-fd71-4d20-9bcb-0c163e850a4e] INFO  o.eclipse.m2e.core.internal.Bundles - 	Entry: C:\Users\Admin\.p2\pool\plugins\org.apache.commons.cli_1.9.0.jar
2026-07-09 10:20:16,831 [Worker-19: Launching mavenrun-71849e03-fd71-4d20-9bcb-0c163e850a4e] INFO  o.eclipse.m2e.core.internal.Bundles - getClasspathEntries(Bundle=org.apache.commons.commons-codec_1.16.0 [81])
2026-07-09 10:20:16,831 [Worker-19: Launching mavenrun-71849e03-fd71-4d20-9bcb-0c163e850a4e] INFO  o.eclipse.m2e.core.internal.Bundles - 	Entry: C:\Users\Admin\.p2\pool\plugins\org.apache.commons.commons-codec_1.16.0.jar
2026-07-09 10:20:16,831 [Worker-19: Launching mavenrun-71849e03-fd71-4d20-9bcb-0c163e850a4e] INFO  o.eclipse.m2e.core.internal.Bundles - getClasspathEntries(Bundle=org.apache.commons.lang3_3.17.0 [1064])
2026-07-09 10:20:16,831 [Worker-19: Launching mavenrun-71849e03-fd71-4d20-9bcb-0c163e850a4e] INFO  o.eclipse.m2e.core.internal.Bundles - 	Entry: C:\Users\Admin\.p2\pool\plugins\org.apache.commons.lang3_3.17.0.jar
2026-07-09 10:20:16,831 [Worker-19: Launching mavenrun-71849e03-fd71-4d20-9bcb-0c163e850a4e] INFO  o.eclipse.m2e.core.internal.Bundles - getClasspathEntries(Bundle=com.google.guava.failureaccess_1.0.3 [1148])
2026-07-09 10:20:16,832 [Worker-19: Launching mavenrun-71849e03-fd71-4d20-9bcb-0c163e850a4e] INFO  o.eclipse.m2e.core.internal.Bundles - 	Entry: C:\Users\Admin\.p2\pool\plugins\com.google.guava.failureaccess_1.0.3.jar
2026-07-09 10:20:16,836 [Worker-19: Launching mavenrun-71849e03-fd71-4d20-9bcb-0c163e850a4e] INFO  o.e.m.i.launch.MavenLaunchDelegate - Run build in "C:\Users\Admin\AppData\Local\Temp\m2e-archetypeGenerator7389514949401889091":
2026-07-09 10:20:16,840 [Worker-19: Launching mavenrun-71849e03-fd71-4d20-9bcb-0c163e850a4e] INFO  o.e.m.i.launch.MavenLaunchDelegate -  mvn  -DarchetypeGroupId=org.apache.maven.archetypes -DarchetypeArtifactId=maven-archetype-quickstart -DarchetypeVersion=1.1 -DgroupId=com.hibernate -DartifactId=HibernateCore -Dversion=0.0.1-SNAPSHOT -Dpackage=com.hibernate -DoutputDirectory="C:\Users\Admin\JAVA MWF 8-00" -Dstyle.color=always -U archetype:generate
2026-07-09 10:20:45,693 [Worker-31: Creating maven-archetype-quickstart] INFO  o.e.m.c.i.p.ProjectConfigurationManager - Collecting project info '/pom.xml' C:\Users\Admin\JAVA MWF 8-00\HibernateCore\pom.xml
2026-07-09 10:20:46,278 [Worker-31: Creating maven-archetype-quickstart] INFO  o.e.m.c.i.l.LifecycleMappingFactory - Using org.eclipse.m2e.jdt.JarLifecycleMapping lifecycle mapping for MavenProject: com.hibernate:HibernateCore:0.0.1-SNAPSHOT @ C:\Users\Admin\JAVA MWF 8-00\HibernateCore\pom.xml.
2026-07-09 10:20:46,891 [Worker-31: Creating maven-archetype-quickstart] INFO  o.e.m.j.i.AbstractJavaProjectConfigurator - Adding source folder /HibernateCore/src/main/java
2026-07-09 10:20:46,893 [Worker-31: Creating maven-archetype-quickstart] INFO  o.e.m.j.i.AbstractJavaProjectConfigurator - Adding resource folder /HibernateCore/src/main/resources
2026-07-09 10:20:46,896 [Worker-31: Creating maven-archetype-quickstart] INFO  o.e.m.j.i.AbstractJavaProjectConfigurator - Adding source folder /HibernateCore/src/test/java
2026-07-09 10:20:46,897 [Worker-31: Creating maven-archetype-quickstart] INFO  o.e.m.j.i.AbstractJavaProjectConfigurator - Adding resource folder /HibernateCore/src/test/resources
2026-07-09 10:20:46,973 [Worker-31: Creating maven-archetype-quickstart] INFO  o.e.m.c.i.p.ProjectConfigurationManager - Imported and configured 1 project(s) in 1 sec
2026-07-09 10:20:47,390 [Worker-30: Building] INFO  o.a.m.s.f.DefaultMavenResourcesFiltering - skip non existing resourceDirectory C:\Users\Admin\JAVA MWF 8-00\HibernateCore\src\main\resources
2026-07-09 10:20:47,394 [Worker-30: Building] INFO  o.a.m.s.f.DefaultMavenResourcesFiltering - skip non existing resourceDirectory C:\Users\Admin\JAVA MWF 8-00\HibernateCore\src\test\resources
2026-07-09 10:22:09,726 [Worker-33: Building] INFO  o.e.m.c.i.l.LifecycleMappingFactory - Using org.eclipse.m2e.jdt.JarLifecycleMapping lifecycle mapping for MavenProject: com.hibernate:HibernateCore:0.0.1-SNAPSHOT @ C:\Users\Admin\JAVA MWF 8-00\HibernateCore\pom.xml.
2026-07-09 10:22:09,837 [Worker-33: Building] INFO  o.a.m.s.f.DefaultMavenResourcesFiltering - skip non existing resourceDirectory C:\Users\Admin\JAVA MWF 8-00\HibernateCore\src\main\resources
2026-07-09 10:22:09,840 [Worker-33: Building] INFO  o.a.m.s.f.DefaultMavenResourcesFiltering - skip non existing resourceDirectory C:\Users\Admin\JAVA MWF 8-00\HibernateCore\src\test\resources
2026-07-09 10:24:36,236 [Worker-31: Building] INFO  o.e.m.c.i.l.LifecycleMappingFactory - Using org.eclipse.m2e.jdt.JarLifecycleMapping lifecycle mapping for MavenProject: com.hibernate:HibernateCore:0.0.1-SNAPSHOT @ C:\Users\Admin\JAVA MWF 8-00\HibernateCore\pom.xml.
2026-07-09 10:24:36,616 [Worker-31: Building] INFO  o.a.m.s.f.DefaultMavenResourcesFiltering - skip non existing resourceDirectory C:\Users\Admin\JAVA MWF 8-00\HibernateCore\src\main\resources
2026-07-09 10:24:36,619 [Worker-31: Building] INFO  o.a.m.s.f.DefaultMavenResourcesFiltering - skip non existing resourceDirectory C:\Users\Admin\JAVA MWF 8-00\HibernateCore\src\test\resources
2026-07-09 10:24:38,058 [Worker-39: Building] INFO  o.a.m.s.f.DefaultMavenResourcesFiltering - skip non existing resourceDirectory C:\Users\Admin\JAVA MWF 8-00\HibernateCore\src\main\resources
2026-07-09 10:24:38,060 [Worker-39: Building] INFO  o.a.m.s.f.DefaultMavenResourcesFiltering - skip non existing resourceDirectory C:\Users\Admin\JAVA MWF 8-00\HibernateCore\src\test\resources
2026-07-09 10:26:02,735 [Worker-31: Building] INFO  o.e.m.c.i.l.LifecycleMappingFactory - Using org.eclipse.m2e.jdt.JarLifecycleMapping lifecycle mapping for MavenProject: com.hibernate:HibernateCore:0.0.1-SNAPSHOT @ C:\Users\Admin\JAVA MWF 8-00\HibernateCore\pom.xml.
2026-07-09 10:26:04,040 [Worker-31: Building] INFO  o.e.m.c.i.e.AbstractTransferListenerAdapter - Downloading https://repo.maven.apache.org/maven2/mysql/mysql-connector-java/6.0.6/mysql-connector-java-6.0.6.pom
2026-07-09 10:26:04,047 [Worker-31: Building] INFO  o.e.m.c.i.e.AbstractTransferListenerAdapter - Downloaded https://repo.maven.apache.org/maven2/mysql/mysql-connector-java/6.0.6/mysql-connector-java-6.0.6.pom
2026-07-09 10:26:04,125 [Worker-31: Building] INFO  o.e.m.c.i.e.AbstractTransferListenerAdapter - Downloading https://repo.maven.apache.org/maven2/mysql/mysql-connector-java/6.0.6/mysql-connector-java-6.0.6.jar
2026-07-09 10:26:04,274 [Worker-31: Building] INFO  o.e.m.c.i.e.AbstractTransferListenerAdapter - Downloaded https://repo.maven.apache.org/maven2/mysql/mysql-connector-java/6.0.6/mysql-connector-java-6.0.6.jar
2026-07-09 10:26:04,407 [Worker-31: Building] INFO  o.a.m.s.f.DefaultMavenResourcesFiltering - skip non existing resourceDirectory C:\Users\Admin\JAVA MWF 8-00\HibernateCore\src\main\resources
2026-07-09 10:26:04,410 [Worker-31: Building] INFO  o.a.m.s.f.DefaultMavenResourcesFiltering - skip non existing resourceDirectory C:\Users\Admin\JAVA MWF 8-00\HibernateCore\src\test\resources
2026-07-09 10:26:04,858 [Worker-37: Building] INFO  o.a.m.s.f.DefaultMavenResourcesFiltering - skip non existing resourceDirectory C:\Users\Admin\JAVA MWF 8-00\HibernateCore\src\main\resources
2026-07-09 10:26:04,861 [Worker-37: Building] INFO  o.a.m.s.f.DefaultMavenResourcesFiltering - skip non existing resourceDirectory C:\Users\Admin\JAVA MWF 8-00\HibernateCore\src\test\resources
2026-07-09 10:26:05,515 [Worker-36: Download sources and javadoc] INFO  o.e.m.c.i.e.AbstractTransferListenerAdapter - Downloading https://repo.maven.apache.org/maven2/mysql/mysql-connector-java/6.0.6/mysql-connector-java-6.0.6-sources.jar
2026-07-09 10:26:05,627 [Worker-36: Download sources and javadoc] INFO  o.e.m.c.i.e.AbstractTransferListenerAdapter - Downloaded https://repo.maven.apache.org/maven2/mysql/mysql-connector-java/6.0.6/mysql-connector-java-6.0.6-sources.jar
2026-07-09 10:26:05,630 [Worker-36: Download sources and javadoc] INFO  o.e.m.j.internal.DownloadSourcesJob - Downloaded sources for mysql:mysql-connector-java:6.0.6
2026-07-09 10:26:24,465 [Worker-35: Building] INFO  o.a.m.s.f.DefaultMavenResourcesFiltering - skip non existing resourceDirectory C:\Users\Admin\JAVA MWF 8-00\HibernateCore\src\main\resources
2026-07-09 10:26:24,467 [Worker-35: Building] INFO  o.a.m.s.f.DefaultMavenResourcesFiltering - skip non existing resourceDirectory C:\Users\Admin\JAVA MWF 8-00\HibernateCore\src\test\resources
2026-07-09 10:26:26,595 [Worker-39: Building] INFO  o.a.m.s.f.DefaultMavenResourcesFiltering - skip non existing resourceDirectory C:\Users\Admin\JAVA MWF 8-00\HibernateCore\src\main\resources
2026-07-09 10:26:26,597 [Worker-39: Building] INFO  o.a.m.s.f.DefaultMavenResourcesFiltering - skip non existing resourceDirectory C:\Users\Admin\JAVA MWF 8-00\HibernateCore\src\test\resources
2026-07-09 10:26:27,641 [Worker-31: Building] INFO  o.a.m.s.f.DefaultMavenResourcesFiltering - skip non existing resourceDirectory C:\Users\Admin\JAVA MWF 8-00\HibernateCore\src\main\resources
2026-07-09 10:26:27,642 [Worker-31: Building] INFO  o.a.m.s.f.DefaultMavenResourcesFiltering - skip non existing resourceDirectory C:\Users\Admin\JAVA MWF 8-00\HibernateCore\src\test\resources
2026-07-09 10:26:59,084 [Worker-33: Building] INFO  o.a.m.s.f.DefaultMavenResourcesFiltering - skip non existing resourceDirectory C:\Users\Admin\JAVA MWF 8-00\HibernateCore\src\main\resources
2026-07-09 10:26:59,087 [Worker-33: Building] INFO  o.a.m.s.f.DefaultMavenResourcesFiltering - skip non existing resourceDirectory C:\Users\Admin\JAVA MWF 8-00\HibernateCore\src\test\resources
2026-07-09 10:27:40,022 [Worker-35: Building] INFO  o.a.m.s.f.DefaultMavenResourcesFiltering - skip non existing resourceDirectory C:\Users\Admin\JAVA MWF 8-00\HibernateCore\src\main\resources
2026-07-09 10:27:40,023 [Worker-35: Building] INFO  o.a.m.s.f.DefaultMavenResourcesFiltering - skip non existing resourceDirectory C:\Users\Admin\JAVA MWF 8-00\HibernateCore\src\test\resources
2026-07-09 10:28:22,628 [Worker-37: Building] INFO  o.a.m.s.f.DefaultMavenResourcesFiltering - skip non existing resourceDirectory C:\Users\Admin\JAVA MWF 8-00\HibernateCore\src\main\resources
2026-07-09 10:28:22,630 [Worker-37: Building] INFO  o.a.m.s.f.DefaultMavenResourcesFiltering - skip non existing resourceDirectory C:\Users\Admin\JAVA MWF 8-00\HibernateCore\src\test\resources
2026-07-09 10:29:09,264 [Start Help Server] INFO  org.eclipse.jetty.server.Server - jetty-12.0.9; built: 2024-05-03T13:03:17.262Z; git: efe8023327e67287f9bfd006700e6a71d45b5dd6; jvm 23.0.2+7-58
2026-07-09 10:29:09,314 [Start Help Server] INFO  o.e.j.server.handler.ContextHandler - Started oeje8n.ContextHandler$CoreContextHandler@befdd9{/help,/help,b=null,a=AVAILABLE,h=oeje8n.ContextHandler$CoreContextHandler$CoreToNestedHandler@6c1aef2a{STARTED}}
2026-07-09 10:29:09,314 [Start Help Server] INFO  o.e.j.s.DefaultSessionIdManager - Session workerName=node0
2026-07-09 10:29:09,327 [Start Help Server] INFO  o.e.jetty.server.AbstractConnector - Started ServerConnector@c92b9b2{HTTP/1.1, (http/1.1)}{127.0.0.1:55339}
2026-07-09 10:29:09,340 [Start Help Server] INFO  org.eclipse.jetty.server.Server - Started oejs.Server@2b744e22{STARTING}[12.0.9,sto=0] @867567ms
2026-07-09 10:30:06,358 [Worker-37: Building] INFO  o.a.m.s.f.DefaultMavenResourcesFiltering - skip non existing resourceDirectory C:\Users\Admin\JAVA MWF 8-00\HibernateCore\src\main\resources
2026-07-09 10:30:06,360 [Worker-37: Building] INFO  o.a.m.s.f.DefaultMavenResourcesFiltering - skip non existing resourceDirectory C:\Users\Admin\JAVA MWF 8-00\HibernateCore\src\test\resources
2026-07-09 10:30:24,304 [Worker-35: Building] INFO  o.a.m.s.f.DefaultMavenResourcesFiltering - skip non existing resourceDirectory C:\Users\Admin\JAVA MWF 8-00\HibernateCore\src\main\resources
2026-07-09 10:30:24,305 [Worker-35: Building] INFO  o.a.m.s.f.DefaultMavenResourcesFiltering - skip non existing resourceDirectory C:\Users\Admin\JAVA MWF 8-00\HibernateCore\src\test\resources
2026-07-09 10:30:44,982 [Worker-37: Building] INFO  o.a.m.s.f.DefaultMavenResourcesFiltering - skip non existing resourceDirectory C:\Users\Admin\JAVA MWF 8-00\HibernateCore\src\main\resources
2026-07-09 10:30:44,983 [Worker-37: Building] INFO  o.a.m.s.f.DefaultMavenResourcesFiltering - skip non existing resourceDirectory C:\Users\Admin\JAVA MWF 8-00\HibernateCore\src\test\resources
2026-07-09 10:31:55,488 [main] INFO  org.hibernate.cfg.Environment - Hibernate 3.5.6-Final
2026-07-09 10:31:55,499 [main] INFO  org.hibernate.cfg.Environment - hibernate.properties not found
2026-07-09 10:31:55,502 [main] INFO  org.hibernate.cfg.Environment - Bytecode provider name : javassist
2026-07-09 10:31:55,507 [main] INFO  org.hibernate.cfg.Environment - using JDK 1.4 java.sql.Timestamp handling
2026-07-09 10:33:36,498 [Worker-35: Building] INFO  o.a.m.s.f.DefaultMavenResourcesFiltering - skip non existing resourceDirectory C:\Users\Admin\JAVA MWF 8-00\HibernateCore\src\main\resources
2026-07-09 10:33:36,500 [Worker-35: Building] INFO  o.a.m.s.f.DefaultMavenResourcesFiltering - skip non existing resourceDirectory C:\Users\Admin\JAVA MWF 8-00\HibernateCore\src\test\resources
2026-07-09 10:36:07,487 [Worker-43: Building] INFO  o.a.m.s.f.DefaultMavenResourcesFiltering - skip non existing resourceDirectory C:\Users\Admin\JAVA MWF 8-00\HibernateCore\src\main\resources
2026-07-09 10:36:07,489 [Worker-43: Building] INFO  o.a.m.s.f.DefaultMavenResourcesFiltering - skip non existing resourceDirectory C:\Users\Admin\JAVA MWF 8-00\HibernateCore\src\test\resources
2026-07-09 10:36:24,111 [Worker-42: Building] INFO  o.a.m.s.f.DefaultMavenResourcesFiltering - skip non existing resourceDirectory C:\Users\Admin\JAVA MWF 8-00\HibernateCore\src\main\resources
2026-07-09 10:36:24,112 [Worker-42: Building] INFO  o.a.m.s.f.DefaultMavenResourcesFiltering - skip non existing resourceDirectory C:\Users\Admin\JAVA MWF 8-00\HibernateCore\src\test\resources
2026-07-09 10:36:52,577 [Worker-41: Building] INFO  o.a.m.s.f.DefaultMavenResourcesFiltering - skip non existing resourceDirectory C:\Users\Admin\JAVA MWF 8-00\HibernateCore\src\main\resources
2026-07-09 10:36:52,579 [Worker-41: Building] INFO  o.a.m.s.f.DefaultMavenResourcesFiltering - skip non existing resourceDirectory C:\Users\Admin\JAVA MWF 8-00\HibernateCore\src\test\resources
2026-07-09 10:36:57,546 [Worker-41: Building] INFO  o.a.m.s.f.DefaultMavenResourcesFiltering - skip non existing resourceDirectory C:\Users\Admin\JAVA MWF 8-00\HibernateCore\src\main\resources
2026-07-09 10:36:57,547 [Worker-41: Building] INFO  o.a.m.s.f.DefaultMavenResourcesFiltering - skip non existing resourceDirectory C:\Users\Admin\JAVA MWF 8-00\HibernateCore\src\test\resources
2026-07-09 10:37:44,463 [Worker-43: Building] INFO  o.a.m.s.f.DefaultMavenResourcesFiltering - skip non existing resourceDirectory C:\Users\Admin\JAVA MWF 8-00\HibernateCore\src\main\resources
2026-07-09 10:37:44,465 [Worker-43: Building] INFO  o.a.m.s.f.DefaultMavenResourcesFiltering - skip non existing resourceDirectory C:\Users\Admin\JAVA MWF 8-00\HibernateCore\src\test\resources
2026-07-09 10:37:53,768 [Worker-43: Building] INFO  o.a.m.s.f.DefaultMavenResourcesFiltering - skip non existing resourceDirectory C:\Users\Admin\JAVA MWF 8-00\HibernateCore\src\main\resources
2026-07-09 10:37:53,769 [Worker-43: Building] INFO  o.a.m.s.f.DefaultMavenResourcesFiltering - skip non existing resourceDirectory C:\Users\Admin\JAVA MWF 8-00\HibernateCore\src\test\resources
2026-07-09 10:38:31,513 [Worker-35: Building] INFO  o.a.m.s.f.DefaultMavenResourcesFiltering - skip non existing resourceDirectory C:\Users\Admin\JAVA MWF 8-00\HibernateCore\src\main\resources
2026-07-09 10:38:31,515 [Worker-35: Building] INFO  o.a.m.s.f.DefaultMavenResourcesFiltering - skip non existing resourceDirectory C:\Users\Admin\JAVA MWF 8-00\HibernateCore\src\test\resources
2026-07-09 10:39:18,492 [Worker-41: Building] INFO  o.a.m.s.f.DefaultMavenResourcesFiltering - skip non existing resourceDirectory C:\Users\Admin\JAVA MWF 8-00\HibernateCore\src\main\resources
2026-07-09 10:39:18,494 [Worker-41: Building] INFO  o.a.m.s.f.DefaultMavenResourcesFiltering - skip non existing resourceDirectory C:\Users\Admin\JAVA MWF 8-00\HibernateCore\src\test\resources
2026-07-09 10:42:00,549 [Worker-40: Building] INFO  o.a.m.s.f.DefaultMavenResourcesFiltering - skip non existing resourceDirectory C:\Users\Admin\JAVA MWF 8-00\HibernateCore\src\main\resources
2026-07-09 10:42:00,550 [Worker-40: Building] INFO  o.a.m.s.f.DefaultMavenResourcesFiltering - skip non existing resourceDirectory C:\Users\Admin\JAVA MWF 8-00\HibernateCore\src\test\resources
2026-07-09 10:47:52,415 [Worker-47: Building] INFO  o.a.m.s.f.DefaultMavenResourcesFiltering - skip non existing resourceDirectory C:\Users\Admin\JAVA MWF 8-00\HibernateCore\src\main\resources
2026-07-09 10:47:52,416 [Worker-47: Building] INFO  o.a.m.s.f.DefaultMavenResourcesFiltering - skip non existing resourceDirectory C:\Users\Admin\JAVA MWF 8-00\HibernateCore\src\test\resources
2026-07-09 10:48:05,666 [Worker-47: Building] INFO  o.a.m.s.f.DefaultMavenResourcesFiltering - skip non existing resourceDirectory C:\Users\Admin\JAVA MWF 8-00\HibernateCore\src\main\resources
2026-07-09 10:48:05,668 [Worker-47: Building] INFO  o.a.m.s.f.DefaultMavenResourcesFiltering - skip non existing resourceDirectory C:\Users\Admin\JAVA MWF 8-00\HibernateCore\src\test\resources
2026-07-09 10:48:36,736 [Worker-43: Building] INFO  o.a.m.s.f.DefaultMavenResourcesFiltering - skip non existing resourceDirectory C:\Users\Admin\JAVA MWF 8-00\HibernateCore\src\main\resources
2026-07-09 10:48:36,737 [Worker-43: Building] INFO  o.a.m.s.f.DefaultMavenResourcesFiltering - skip non existing resourceDirectory C:\Users\Admin\JAVA MWF 8-00\HibernateCore\src\test\resources
2026-07-09 10:48:39,815 [Worker-46: Building] INFO  o.a.m.s.f.DefaultMavenResourcesFiltering - skip non existing resourceDirectory C:\Users\Admin\JAVA MWF 8-00\HibernateCore\src\main\resources
2026-07-09 10:48:39,816 [Worker-46: Building] INFO  o.a.m.s.f.DefaultMavenResourcesFiltering - skip non existing resourceDirectory C:\Users\Admin\JAVA MWF 8-00\HibernateCore\src\test\resources
2026-07-09 10:48:45,933 [Worker-47: Building] INFO  o.a.m.s.f.DefaultMavenResourcesFiltering - skip non existing resourceDirectory C:\Users\Admin\JAVA MWF 8-00\HibernateCore\src\main\resources
2026-07-09 10:48:45,934 [Worker-47: Building] INFO  o.a.m.s.f.DefaultMavenResourcesFiltering - skip non existing resourceDirectory C:\Users\Admin\JAVA MWF 8-00\HibernateCore\src\test\resources
2026-07-09 10:49:04,403 [Worker-48: Building Workspace] INFO  o.a.m.s.f.DefaultMavenResourcesFiltering - skip non existing resourceDirectory C:\Users\Admin\JAVA MWF 8-00\HibernateCore\src\main\resources
2026-07-09 10:49:04,405 [Worker-48: Building Workspace] INFO  o.a.m.s.f.DefaultMavenResourcesFiltering - skip non existing resourceDirectory C:\Users\Admin\JAVA MWF 8-00\HibernateCore\src\test\resources
2026-07-09 10:49:10,736 [Worker-48: Building] INFO  o.a.m.s.f.DefaultMavenResourcesFiltering - skip non existing resourceDirectory C:\Users\Admin\JAVA MWF 8-00\HibernateCore\src\main\resources
2026-07-09 10:49:10,737 [Worker-48: Building] INFO  o.a.m.s.f.DefaultMavenResourcesFiltering - skip non existing resourceDirectory C:\Users\Admin\JAVA MWF 8-00\HibernateCore\src\test\resources
2026-07-09 10:49:23,326 [Worker-35: Building] INFO  o.a.m.s.f.DefaultMavenResourcesFiltering - skip non existing resourceDirectory C:\Users\Admin\JAVA MWF 8-00\HibernateCore\src\main\resources
2026-07-09 10:49:23,327 [Worker-35: Building] INFO  o.a.m.s.f.DefaultMavenResourcesFiltering - skip non existing resourceDirectory C:\Users\Admin\JAVA MWF 8-00\HibernateCore\src\test\resources
2026-07-09 10:49:24,515 [Worker-47: Building] INFO  o.a.m.s.f.DefaultMavenResourcesFiltering - skip non existing resourceDirectory C:\Users\Admin\JAVA MWF 8-00\HibernateCore\src\main\resources
2026-07-09 10:49:24,516 [Worker-47: Building] INFO  o.a.m.s.f.DefaultMavenResourcesFiltering - skip non existing resourceDirectory C:\Users\Admin\JAVA MWF 8-00\HibernateCore\src\test\resources
2026-07-09 10:49:30,562 [Worker-48: Building] INFO  o.a.m.s.f.DefaultMavenResourcesFiltering - skip non existing resourceDirectory C:\Users\Admin\JAVA MWF 8-00\HibernateCore\src\main\resources
2026-07-09 10:49:30,563 [Worker-48: Building] INFO  o.a.m.s.f.DefaultMavenResourcesFiltering - skip non existing resourceDirectory C:\Users\Admin\JAVA MWF 8-00\HibernateCore\src\test\resources
2026-07-09 10:49:34,405 [Worker-47: Building] INFO  o.a.m.s.f.DefaultMavenResourcesFiltering - skip non existing resourceDirectory C:\Users\Admin\JAVA MWF 8-00\HibernateCore\src\main\resources
2026-07-09 10:49:34,406 [Worker-47: Building] INFO  o.a.m.s.f.DefaultMavenResourcesFiltering - skip non existing resourceDirectory C:\Users\Admin\JAVA MWF 8-00\HibernateCore\src\test\resources
2026-07-09 10:49:49,117 [Worker-48: Building] INFO  o.a.m.s.f.DefaultMavenResourcesFiltering - skip non existing resourceDirectory C:\Users\Admin\JAVA MWF 8-00\HibernateCore\src\main\resources
2026-07-09 10:49:49,118 [Worker-48: Building] INFO  o.a.m.s.f.DefaultMavenResourcesFiltering - skip non existing resourceDirectory C:\Users\Admin\JAVA MWF 8-00\HibernateCore\src\test\resources
2026-07-09 10:50:02,759 [Worker-47: Building] INFO  o.a.m.s.f.DefaultMavenResourcesFiltering - skip non existing resourceDirectory C:\Users\Admin\JAVA MWF 8-00\HibernateCore\src\main\resources
2026-07-09 10:50:02,760 [Worker-47: Building] INFO  o.a.m.s.f.DefaultMavenResourcesFiltering - skip non existing resourceDirectory C:\Users\Admin\JAVA MWF 8-00\HibernateCore\src\test\resources
2026-07-09 10:51:06,520 [Worker-50: Building] INFO  o.a.m.s.f.DefaultMavenResourcesFiltering - skip non existing resourceDirectory C:\Users\Admin\JAVA MWF 8-00\HibernateCore\src\main\resources
2026-07-09 10:51:06,521 [Worker-50: Building] INFO  o.a.m.s.f.DefaultMavenResourcesFiltering - skip non existing resourceDirectory C:\Users\Admin\JAVA MWF 8-00\HibernateCore\src\test\resources
2026-07-09 10:52:35,137 [Worker-47: Building] INFO  o.a.m.s.f.DefaultMavenResourcesFiltering - skip non existing resourceDirectory C:\Users\Admin\JAVA MWF 8-00\HibernateCore\src\main\resources
2026-07-09 10:52:35,139 [Worker-47: Building] INFO  o.a.m.s.f.DefaultMavenResourcesFiltering - skip non existing resourceDirectory C:\Users\Admin\JAVA MWF 8-00\HibernateCore\src\test\resources
2026-07-09 10:58:31,251 [Worker-47: Building] INFO  o.a.m.s.f.DefaultMavenResourcesFiltering - skip non existing resourceDirectory C:\Users\Admin\JAVA MWF 8-00\HibernateCore\src\main\resources
2026-07-09 10:58:31,252 [Worker-47: Building] INFO  o.a.m.s.f.DefaultMavenResourcesFiltering - skip non existing resourceDirectory C:\Users\Admin\JAVA MWF 8-00\HibernateCore\src\test\resources
2026-07-09 10:58:49,859 [Worker-53: Building] INFO  o.a.m.s.f.DefaultMavenResourcesFiltering - skip non existing resourceDirectory C:\Users\Admin\JAVA MWF 8-00\HibernateCore\src\main\resources
2026-07-09 10:58:49,860 [Worker-53: Building] INFO  o.a.m.s.f.DefaultMavenResourcesFiltering - skip non existing resourceDirectory C:\Users\Admin\JAVA MWF 8-00\HibernateCore\src\test\resources
2026-07-09 10:59:03,683 [Worker-51: Building] INFO  o.a.m.s.f.DefaultMavenResourcesFiltering - skip non existing resourceDirectory C:\Users\Admin\JAVA MWF 8-00\HibernateCore\src\main\resources
2026-07-09 10:59:03,684 [Worker-51: Building] INFO  o.a.m.s.f.DefaultMavenResourcesFiltering - skip non existing resourceDirectory C:\Users\Admin\JAVA MWF 8-00\HibernateCore\src\test\resources
2026-07-09 11:01:33,102 [Stop Help Server] INFO  org.eclipse.jetty.server.Server - Stopped oejs.Server@2b744e22{STOPPING}[12.0.9,sto=0]
2026-07-09 11:01:33,124 [Stop Help Server] INFO  o.e.jetty.server.AbstractConnector - Stopped ServerConnector@c92b9b2{HTTP/1.1, (http/1.1)}{127.0.0.1:0}
2026-07-14 15:34:23,093 [Worker-2: Loading available Gradle versions] INFO  o.e.b.c.i.u.g.PublishedGradleVersions - Gradle version information cache is up-to-date. Trying to read.
2026-07-14 15:43:36,052 [Start Help Server] INFO  org.eclipse.jetty.server.Server - jetty-12.0.9; built: 2024-05-03T13:03:17.262Z; git: efe8023327e67287f9bfd006700e6a71d45b5dd6; jvm 23.0.2+7-58
2026-07-14 15:43:36,106 [Start Help Server] INFO  o.e.j.server.handler.ContextHandler - Started oeje8n.ContextHandler$CoreContextHandler@60e4fa4f{/help,/help,b=null,a=AVAILABLE,h=oeje8n.ContextHandler$CoreContextHandler$CoreToNestedHandler@df0c6d5{STARTED}}
2026-07-14 15:43:36,106 [Start Help Server] INFO  o.e.j.s.DefaultSessionIdManager - Session workerName=node0
2026-07-14 15:43:36,121 [Start Help Server] INFO  o.e.jetty.server.AbstractConnector - Started ServerConnector@43ee1e4{HTTP/1.1, (http/1.1)}{127.0.0.1:63513}
2026-07-14 15:43:36,135 [Start Help Server] INFO  org.eclipse.jetty.server.Server - Started oejs.Server@409120d6{STARTING}[12.0.9,sto=0] @572683ms
2026-07-14 15:43:50,066 [Worker-37: Building] INFO  o.a.m.s.f.DefaultMavenResourcesFiltering - skip non existing resourceDirectory C:\Users\Admin\JAVA MWF 8-00\HibernateCore\src\main\resources
2026-07-14 15:43:50,069 [Worker-37: Building] INFO  o.a.m.s.f.DefaultMavenResourcesFiltering - skip non existing resourceDirectory C:\Users\Admin\JAVA MWF 8-00\HibernateCore\src\test\resources
2026-07-14 15:44:14,014 [Worker-37: Building] INFO  o.a.m.s.f.DefaultMavenResourcesFiltering - skip non existing resourceDirectory C:\Users\Admin\JAVA MWF 8-00\HibernateCore\src\main\resources
2026-07-14 15:44:14,016 [Worker-37: Building] INFO  o.a.m.s.f.DefaultMavenResourcesFiltering - skip non existing resourceDirectory C:\Users\Admin\JAVA MWF 8-00\HibernateCore\src\test\resources
2026-07-14 15:44:20,972 [Worker-36: Building] INFO  o.a.m.s.f.DefaultMavenResourcesFiltering - skip non existing resourceDirectory C:\Users\Admin\JAVA MWF 8-00\HibernateCore\src\main\resources
2026-07-14 15:44:20,975 [Worker-36: Building] INFO  o.a.m.s.f.DefaultMavenResourcesFiltering - skip non existing resourceDirectory C:\Users\Admin\JAVA MWF 8-00\HibernateCore\src\test\resources
2026-07-14 15:44:32,564 [Worker-36: Building] INFO  o.a.m.s.f.DefaultMavenResourcesFiltering - skip non existing resourceDirectory C:\Users\Admin\JAVA MWF 8-00\HibernateCore\src\main\resources
2026-07-14 15:44:32,566 [Worker-36: Building] INFO  o.a.m.s.f.DefaultMavenResourcesFiltering - skip non existing resourceDirectory C:\Users\Admin\JAVA MWF 8-00\HibernateCore\src\test\resources
2026-07-14 15:44:38,570 [Worker-20: Building] INFO  o.a.m.s.f.DefaultMavenResourcesFiltering - skip non existing resourceDirectory C:\Users\Admin\JAVA MWF 8-00\HibernateCore\src\main\resources
2026-07-14 15:44:38,572 [Worker-20: Building] INFO  o.a.m.s.f.DefaultMavenResourcesFiltering - skip non existing resourceDirectory C:\Users\Admin\JAVA MWF 8-00\HibernateCore\src\test\resources
2026-07-14 15:52:02,843 [Worker-34: Building] INFO  o.a.m.s.f.DefaultMavenResourcesFiltering - skip non existing resourceDirectory C:\Users\Admin\JAVA MWF 8-00\HibernateCore\src\main\resources
2026-07-14 15:52:02,846 [Worker-34: Building] INFO  o.a.m.s.f.DefaultMavenResourcesFiltering - skip non existing resourceDirectory C:\Users\Admin\JAVA MWF 8-00\HibernateCore\src\test\resources
2026-07-14 15:52:08,251 [Worker-38: Building] INFO  o.a.m.s.f.DefaultMavenResourcesFiltering - skip non existing resourceDirectory C:\Users\Admin\JAVA MWF 8-00\HibernateCore\src\main\resources
2026-07-14 15:52:08,253 [Worker-38: Building] INFO  o.a.m.s.f.DefaultMavenResourcesFiltering - skip non existing resourceDirectory C:\Users\Admin\JAVA MWF 8-00\HibernateCore\src\test\resources
2026-07-14 15:52:27,700 [Worker-40: Building] INFO  o.a.m.s.f.DefaultMavenResourcesFiltering - skip non existing resourceDirectory C:\Users\Admin\JAVA MWF 8-00\HibernateCore\src\main\resources
2026-07-14 15:52:27,701 [Worker-40: Building] INFO  o.a.m.s.f.DefaultMavenResourcesFiltering - skip non existing resourceDirectory C:\Users\Admin\JAVA MWF 8-00\HibernateCore\src\test\resources
2026-07-14 15:52:29,533 [Worker-34: Building] INFO  o.a.m.s.f.DefaultMavenResourcesFiltering - skip non existing resourceDirectory C:\Users\Admin\JAVA MWF 8-00\HibernateCore\src\main\resources
2026-07-14 15:52:29,535 [Worker-34: Building] INFO  o.a.m.s.f.DefaultMavenResourcesFiltering - skip non existing resourceDirectory C:\Users\Admin\JAVA MWF 8-00\HibernateCore\src\test\resources
2026-07-14 15:53:04,264 [Worker-36: Building] INFO  o.a.m.s.f.DefaultMavenResourcesFiltering - skip non existing resourceDirectory C:\Users\Admin\JAVA MWF 8-00\HibernateCore\src\main\resources
2026-07-14 15:53:04,266 [Worker-36: Building] INFO  o.a.m.s.f.DefaultMavenResourcesFiltering - skip non existing resourceDirectory C:\Users\Admin\JAVA MWF 8-00\HibernateCore\src\test\resources
2026-07-14 15:53:49,198 [Worker-36: Building] INFO  o.a.m.s.f.DefaultMavenResourcesFiltering - skip non existing resourceDirectory C:\Users\Admin\JAVA MWF 8-00\HibernateCore\src\main\resources
2026-07-14 15:53:49,199 [Worker-36: Building] INFO  o.a.m.s.f.DefaultMavenResourcesFiltering - skip non existing resourceDirectory C:\Users\Admin\JAVA MWF 8-00\HibernateCore\src\test\resources
2026-07-14 15:54:23,567 [Worker-36: Building] INFO  o.a.m.s.f.DefaultMavenResourcesFiltering - skip non existing resourceDirectory C:\Users\Admin\JAVA MWF 8-00\HibernateCore\src\main\resources
2026-07-14 15:54:23,569 [Worker-36: Building] INFO  o.a.m.s.f.DefaultMavenResourcesFiltering - skip non existing resourceDirectory C:\Users\Admin\JAVA MWF 8-00\HibernateCore\src\test\resources
2026-07-14 15:54:31,143 [Worker-34: Building] INFO  o.a.m.s.f.DefaultMavenResourcesFiltering - skip non existing resourceDirectory C:\Users\Admin\JAVA MWF 8-00\HibernateCore\src\main\resources
2026-07-14 15:54:31,145 [Worker-34: Building] INFO  o.a.m.s.f.DefaultMavenResourcesFiltering - skip non existing resourceDirectory C:\Users\Admin\JAVA MWF 8-00\HibernateCore\src\test\resources
2026-07-14 15:54:32,220 [Worker-38: Building] INFO  o.a.m.s.f.DefaultMavenResourcesFiltering - skip non existing resourceDirectory C:\Users\Admin\JAVA MWF 8-00\HibernateCore\src\main\resources
2026-07-14 15:54:32,221 [Worker-38: Building] INFO  o.a.m.s.f.DefaultMavenResourcesFiltering - skip non existing resourceDirectory C:\Users\Admin\JAVA MWF 8-00\HibernateCore\src\test\resources
2026-07-14 15:55:02,647 [Worker-36: Building] INFO  o.a.m.s.f.DefaultMavenResourcesFiltering - skip non existing resourceDirectory C:\Users\Admin\JAVA MWF 8-00\HibernateCore\src\main\resources
2026-07-14 15:55:02,648 [Worker-36: Building] INFO  o.a.m.s.f.DefaultMavenResourcesFiltering - skip non existing resourceDirectory C:\Users\Admin\JAVA MWF 8-00\HibernateCore\src\test\resources
2026-07-14 15:57:47,417 [Worker-38: Building] INFO  o.a.m.s.f.DefaultMavenResourcesFiltering - skip non existing resourceDirectory C:\Users\Admin\JAVA MWF 8-00\HibernateCore\src\main\resources
2026-07-14 15:57:47,419 [Worker-38: Building] INFO  o.a.m.s.f.DefaultMavenResourcesFiltering - skip non existing resourceDirectory C:\Users\Admin\JAVA MWF 8-00\HibernateCore\src\test\resources
2026-07-14 15:58:03,633 [Worker-45: Building] INFO  o.a.m.s.f.DefaultMavenResourcesFiltering - skip non existing resourceDirectory C:\Users\Admin\JAVA MWF 8-00\HibernateCore\src\main\resources
2026-07-14 15:58:03,635 [Worker-45: Building] INFO  o.a.m.s.f.DefaultMavenResourcesFiltering - skip non existing resourceDirectory C:\Users\Admin\JAVA MWF 8-00\HibernateCore\src\test\resources
2026-07-14 15:58:06,265 [Worker-38: Building] INFO  o.a.m.s.f.DefaultMavenResourcesFiltering - skip non existing resourceDirectory C:\Users\Admin\JAVA MWF 8-00\HibernateCore\src\main\resources
2026-07-14 15:58:06,267 [Worker-38: Building] INFO  o.a.m.s.f.DefaultMavenResourcesFiltering - skip non existing resourceDirectory C:\Users\Admin\JAVA MWF 8-00\HibernateCore\src\test\resources
2026-07-14 15:58:24,826 [Worker-43: Building] INFO  o.a.m.s.f.DefaultMavenResourcesFiltering - skip non existing resourceDirectory C:\Users\Admin\JAVA MWF 8-00\HibernateCore\src\main\resources
2026-07-14 15:58:24,827 [Worker-43: Building] INFO  o.a.m.s.f.DefaultMavenResourcesFiltering - skip non existing resourceDirectory C:\Users\Admin\JAVA MWF 8-00\HibernateCore\src\test\resources
2026-07-14 15:58:48,737 [Worker-43: Building] INFO  o.a.m.s.f.DefaultMavenResourcesFiltering - skip non existing resourceDirectory C:\Users\Admin\JAVA MWF 8-00\HibernateCore\src\main\resources
2026-07-14 15:58:48,739 [Worker-43: Building] INFO  o.a.m.s.f.DefaultMavenResourcesFiltering - skip non existing resourceDirectory C:\Users\Admin\JAVA MWF 8-00\HibernateCore\src\test\resources
2026-07-14 15:59:10,975 [Worker-44: Building] INFO  o.a.m.s.f.DefaultMavenResourcesFiltering - skip non existing resourceDirectory C:\Users\Admin\JAVA MWF 8-00\HibernateCore\src\main\resources
2026-07-14 15:59:10,976 [Worker-44: Building] INFO  o.a.m.s.f.DefaultMavenResourcesFiltering - skip non existing resourceDirectory C:\Users\Admin\JAVA MWF 8-00\HibernateCore\src\test\resources
2026-07-14 15:59:29,318 [Worker-43: Building] INFO  o.a.m.s.f.DefaultMavenResourcesFiltering - skip non existing resourceDirectory C:\Users\Admin\JAVA MWF 8-00\HibernateCore\src\main\resources
2026-07-14 15:59:29,320 [Worker-43: Building] INFO  o.a.m.s.f.DefaultMavenResourcesFiltering - skip non existing resourceDirectory C:\Users\Admin\JAVA MWF 8-00\HibernateCore\src\test\resources
2026-07-14 16:00:16,199 [Worker-44: Building] INFO  o.a.m.s.f.DefaultMavenResourcesFiltering - skip non existing resourceDirectory C:\Users\Admin\JAVA MWF 8-00\HibernateCore\src\main\resources
2026-07-14 16:00:16,200 [Worker-44: Building] INFO  o.a.m.s.f.DefaultMavenResourcesFiltering - skip non existing resourceDirectory C:\Users\Admin\JAVA MWF 8-00\HibernateCore\src\test\resources
2026-07-14 16:00:21,146 [Worker-45: Building] INFO  o.a.m.s.f.DefaultMavenResourcesFiltering - skip non existing resourceDirectory C:\Users\Admin\JAVA MWF 8-00\HibernateCore\src\main\resources
2026-07-14 16:00:21,147 [Worker-45: Building] INFO  o.a.m.s.f.DefaultMavenResourcesFiltering - skip non existing resourceDirectory C:\Users\Admin\JAVA MWF 8-00\HibernateCore\src\test\resources
2026-07-14 16:00:28,286 [Worker-46: Building] INFO  o.a.m.s.f.DefaultMavenResourcesFiltering - skip non existing resourceDirectory C:\Users\Admin\JAVA MWF 8-00\HibernateCore\src\main\resources
2026-07-14 16:00:28,288 [Worker-46: Building] INFO  o.a.m.s.f.DefaultMavenResourcesFiltering - skip non existing resourceDirectory C:\Users\Admin\JAVA MWF 8-00\HibernateCore\src\test\resources
2026-07-14 16:02:03,771 [Worker-46: Building] INFO  o.a.m.s.f.DefaultMavenResourcesFiltering - skip non existing resourceDirectory C:\Users\Admin\JAVA MWF 8-00\HibernateCore\src\main\resources
2026-07-14 16:02:03,772 [Worker-46: Building] INFO  o.a.m.s.f.DefaultMavenResourcesFiltering - skip non existing resourceDirectory C:\Users\Admin\JAVA MWF 8-00\HibernateCore\src\test\resources
2026-07-14 16:02:44,387 [Worker-43: Building] INFO  o.a.m.s.f.DefaultMavenResourcesFiltering - skip non existing resourceDirectory C:\Users\Admin\JAVA MWF 8-00\HibernateCore\src\main\resources
2026-07-14 16:02:44,388 [Worker-43: Building] INFO  o.a.m.s.f.DefaultMavenResourcesFiltering - skip non existing resourceDirectory C:\Users\Admin\JAVA MWF 8-00\HibernateCore\src\test\resources
2026-07-14 16:02:45,422 [Worker-43: Building] INFO  o.a.m.s.f.DefaultMavenResourcesFiltering - skip non existing resourceDirectory C:\Users\Admin\JAVA MWF 8-00\HibernateCore\src\main\resources
2026-07-14 16:02:45,424 [Worker-43: Building] INFO  o.a.m.s.f.DefaultMavenResourcesFiltering - skip non existing resourceDirectory C:\Users\Admin\JAVA MWF 8-00\HibernateCore\src\test\resources
2026-07-14 16:03:44,174 [Worker-38: Building] INFO  o.a.m.s.f.DefaultMavenResourcesFiltering - skip non existing resourceDirectory C:\Users\Admin\JAVA MWF 8-00\HibernateCore\src\main\resources
2026-07-14 16:03:44,176 [Worker-38: Building] INFO  o.a.m.s.f.DefaultMavenResourcesFiltering - skip non existing resourceDirectory C:\Users\Admin\JAVA MWF 8-00\HibernateCore\src\test\resources
2026-07-14 16:03:45,379 [Worker-44: Building] INFO  o.a.m.s.f.DefaultMavenResourcesFiltering - skip non existing resourceDirectory C:\Users\Admin\JAVA MWF 8-00\HibernateCore\src\main\resources
2026-07-14 16:03:45,380 [Worker-44: Building] INFO  o.a.m.s.f.DefaultMavenResourcesFiltering - skip non existing resourceDirectory C:\Users\Admin\JAVA MWF 8-00\HibernateCore\src\test\resources
2026-07-14 16:04:10,178 [Worker-45: Building] INFO  o.a.m.s.f.DefaultMavenResourcesFiltering - skip non existing resourceDirectory C:\Users\Admin\JAVA MWF 8-00\HibernateCore\src\main\resources
2026-07-14 16:04:10,179 [Worker-45: Building] INFO  o.a.m.s.f.DefaultMavenResourcesFiltering - skip non existing resourceDirectory C:\Users\Admin\JAVA MWF 8-00\HibernateCore\src\test\resources
2026-07-14 16:04:12,471 [Worker-43: Building] INFO  o.a.m.s.f.DefaultMavenResourcesFiltering - skip non existing resourceDirectory C:\Users\Admin\JAVA MWF 8-00\HibernateCore\src\main\resources
2026-07-14 16:04:12,472 [Worker-43: Building] INFO  o.a.m.s.f.DefaultMavenResourcesFiltering - skip non existing resourceDirectory C:\Users\Admin\JAVA MWF 8-00\HibernateCore\src\test\resources
2026-07-14 16:04:14,657 [Worker-39: Building] INFO  o.a.m.s.f.DefaultMavenResourcesFiltering - skip non existing resourceDirectory C:\Users\Admin\JAVA MWF 8-00\HibernateCore\src\main\resources
2026-07-14 16:04:14,658 [Worker-39: Building] INFO  o.a.m.s.f.DefaultMavenResourcesFiltering - skip non existing resourceDirectory C:\Users\Admin\JAVA MWF 8-00\HibernateCore\src\test\resources
2026-07-14 16:04:34,485 [Worker-44: Building] INFO  o.a.m.s.f.DefaultMavenResourcesFiltering - skip non existing resourceDirectory C:\Users\Admin\JAVA MWF 8-00\HibernateCore\src\main\resources
2026-07-14 16:04:34,486 [Worker-44: Building] INFO  o.a.m.s.f.DefaultMavenResourcesFiltering - skip non existing resourceDirectory C:\Users\Admin\JAVA MWF 8-00\HibernateCore\src\test\resources
2026-07-14 16:04:35,666 [Worker-38: Building] INFO  o.a.m.s.f.DefaultMavenResourcesFiltering - skip non existing resourceDirectory C:\Users\Admin\JAVA MWF 8-00\HibernateCore\src\main\resources
2026-07-14 16:04:35,667 [Worker-38: Building] INFO  o.a.m.s.f.DefaultMavenResourcesFiltering - skip non existing resourceDirectory C:\Users\Admin\JAVA MWF 8-00\HibernateCore\src\test\resources
2026-07-14 16:10:36,843 [Worker-38: Building] INFO  o.a.m.s.f.DefaultMavenResourcesFiltering - skip non existing resourceDirectory C:\Users\Admin\JAVA MWF 8-00\HibernateCore\src\main\resources
2026-07-14 16:10:36,844 [Worker-38: Building] INFO  o.a.m.s.f.DefaultMavenResourcesFiltering - skip non existing resourceDirectory C:\Users\Admin\JAVA MWF 8-00\HibernateCore\src\test\resources
2026-07-14 16:11:04,211 [Worker-39: Building] INFO  o.a.m.s.f.DefaultMavenResourcesFiltering - skip non existing resourceDirectory C:\Users\Admin\JAVA MWF 8-00\HibernateCore\src\main\resources
2026-07-14 16:11:04,213 [Worker-39: Building] INFO  o.a.m.s.f.DefaultMavenResourcesFiltering - skip non existing resourceDirectory C:\Users\Admin\JAVA MWF 8-00\HibernateCore\src\test\resources
2026-07-14 16:11:09,334 [Worker-49: Building] INFO  o.a.m.s.f.DefaultMavenResourcesFiltering - skip non existing resourceDirectory C:\Users\Admin\JAVA MWF 8-00\HibernateCore\src\main\resources
2026-07-14 16:11:09,335 [Worker-49: Building] INFO  o.a.m.s.f.DefaultMavenResourcesFiltering - skip non existing resourceDirectory C:\Users\Admin\JAVA MWF 8-00\HibernateCore\src\test\resources
2026-07-14 16:11:20,419 [Worker-38: Building] INFO  o.a.m.s.f.DefaultMavenResourcesFiltering - skip non existing resourceDirectory C:\Users\Admin\JAVA MWF 8-00\HibernateCore\src\main\resources
2026-07-14 16:11:20,421 [Worker-38: Building] INFO  o.a.m.s.f.DefaultMavenResourcesFiltering - skip non existing resourceDirectory C:\Users\Admin\JAVA MWF 8-00\HibernateCore\src\test\resources
2026-07-14 16:13:09,414 [Worker-49: Building] INFO  o.a.m.s.f.DefaultMavenResourcesFiltering - skip non existing resourceDirectory C:\Users\Admin\JAVA MWF 8-00\HibernateCore\src\main\resources
2026-07-14 16:13:09,416 [Worker-49: Building] INFO  o.a.m.s.f.DefaultMavenResourcesFiltering - skip non existing resourceDirectory C:\Users\Admin\JAVA MWF 8-00\HibernateCore\src\test\resources
2026-07-14 16:13:10,694 [Worker-38: Building] INFO  o.a.m.s.f.DefaultMavenResourcesFiltering - skip non existing resourceDirectory C:\Users\Admin\JAVA MWF 8-00\HibernateCore\src\main\resources
2026-07-14 16:13:10,695 [Worker-38: Building] INFO  o.a.m.s.f.DefaultMavenResourcesFiltering - skip non existing resourceDirectory C:\Users\Admin\JAVA MWF 8-00\HibernateCore\src\test\resources
2026-07-14 16:13:20,690 [Worker-38: Building] INFO  o.a.m.s.f.DefaultMavenResourcesFiltering - skip non existing resourceDirectory C:\Users\Admin\JAVA MWF 8-00\HibernateCore\src\main\resources
2026-07-14 16:13:20,692 [Worker-38: Building] INFO  o.a.m.s.f.DefaultMavenResourcesFiltering - skip non existing resourceDirectory C:\Users\Admin\JAVA MWF 8-00\HibernateCore\src\test\resources
2026-07-14 16:14:23,968 [Worker-48: Building] INFO  o.a.m.s.f.DefaultMavenResourcesFiltering - skip non existing resourceDirectory C:\Users\Admin\JAVA MWF 8-00\HibernateCore\src\main\resources
2026-07-14 16:14:23,969 [Worker-48: Building] INFO  o.a.m.s.f.DefaultMavenResourcesFiltering - skip non existing resourceDirectory C:\Users\Admin\JAVA MWF 8-00\HibernateCore\src\test\resources
2026-07-14 16:18:42,471 [Stop Help Server] INFO  org.eclipse.jetty.server.Server - Stopped oejs.Server@409120d6{STOPPING}[12.0.9,sto=0]
2026-07-14 16:18:42,474 [Stop Help Server] INFO  o.e.jetty.server.AbstractConnector - Stopped ServerConnector@43ee1e4{HTTP/1.1, (http/1.1)}{127.0.0.1:0}
2026-07-16 15:05:53,741 [Worker-2: Loading available Gradle versions] INFO  o.e.b.c.i.u.g.PublishedGradleVersions - Gradle version information cache is up-to-date. Trying to read.
2026-07-16 15:06:32,313 [Worker-14: Building] INFO  o.a.m.s.f.DefaultMavenResourcesFiltering - skip non existing resourceDirectory C:\Users\Admin\JAVA MWF 8-00\HibernateCore\src\main\resources
2026-07-16 15:06:32,319 [Worker-14: Building] INFO  o.a.m.s.f.DefaultMavenResourcesFiltering - skip non existing resourceDirectory C:\Users\Admin\JAVA MWF 8-00\HibernateCore\src\test\resources
2026-07-16 15:06:56,203 [Worker-15: Building] INFO  o.a.m.s.f.DefaultMavenResourcesFiltering - skip non existing resourceDirectory C:\Users\Admin\JAVA MWF 8-00\HibernateCore\src\main\resources
2026-07-16 15:06:56,205 [Worker-15: Building] INFO  o.a.m.s.f.DefaultMavenResourcesFiltering - skip non existing resourceDirectory C:\Users\Admin\JAVA MWF 8-00\HibernateCore\src\test\resources
2026-07-16 15:06:57,242 [Worker-4: Building] INFO  o.a.m.s.f.DefaultMavenResourcesFiltering - skip non existing resourceDirectory C:\Users\Admin\JAVA MWF 8-00\HibernateCore\src\main\resources
2026-07-16 15:06:57,244 [Worker-4: Building] INFO  o.a.m.s.f.DefaultMavenResourcesFiltering - skip non existing resourceDirectory C:\Users\Admin\JAVA MWF 8-00\HibernateCore\src\test\resources
2026-07-16 15:07:00,311 [Start Help Server] INFO  org.eclipse.jetty.server.Server - jetty-12.0.9; built: 2024-05-03T13:03:17.262Z; git: efe8023327e67287f9bfd006700e6a71d45b5dd6; jvm 23.0.2+7-58
2026-07-16 15:07:00,358 [Start Help Server] INFO  o.e.j.server.handler.ContextHandler - Started oeje8n.ContextHandler$CoreContextHandler@15c115de{/help,/help,b=null,a=AVAILABLE,h=oeje8n.ContextHandler$CoreContextHandler$CoreToNestedHandler@ff88431{STARTED}}
2026-07-16 15:07:00,359 [Start Help Server] INFO  o.e.j.s.DefaultSessionIdManager - Session workerName=node0
2026-07-16 15:07:00,374 [Start Help Server] INFO  o.e.jetty.server.AbstractConnector - Started ServerConnector@6bc6d99d{HTTP/1.1, (http/1.1)}{127.0.0.1:64869}
2026-07-16 15:07:00,385 [Start Help Server] INFO  org.eclipse.jetty.server.Server - Started oejs.Server@23592f9d{STARTING}[12.0.9,sto=0] @100876ms
2026-07-16 15:07:04,830 [Worker-15: Building] INFO  o.a.m.s.f.DefaultMavenResourcesFiltering - skip non existing resourceDirectory C:\Users\Admin\JAVA MWF 8-00\HibernateCore\src\main\resources
2026-07-16 15:07:04,832 [Worker-15: Building] INFO  o.a.m.s.f.DefaultMavenResourcesFiltering - skip non existing resourceDirectory C:\Users\Admin\JAVA MWF 8-00\HibernateCore\src\test\resources
2026-07-16 15:07:16,736 [Worker-28: Building] INFO  o.a.m.s.f.DefaultMavenResourcesFiltering - skip non existing resourceDirectory C:\Users\Admin\JAVA MWF 8-00\HibernateCore\src\main\resources
2026-07-16 15:07:16,737 [Worker-28: Building] INFO  o.a.m.s.f.DefaultMavenResourcesFiltering - skip non existing resourceDirectory C:\Users\Admin\JAVA MWF 8-00\HibernateCore\src\test\resources
2026-07-16 15:07:21,494 [Worker-28: Building] INFO  o.a.m.s.f.DefaultMavenResourcesFiltering - skip non existing resourceDirectory C:\Users\Admin\JAVA MWF 8-00\HibernateCore\src\main\resources
2026-07-16 15:07:21,496 [Worker-28: Building] INFO  o.a.m.s.f.DefaultMavenResourcesFiltering - skip non existing resourceDirectory C:\Users\Admin\JAVA MWF 8-00\HibernateCore\src\test\resources
2026-07-16 15:07:30,035 [Worker-9: Building] INFO  o.a.m.s.f.DefaultMavenResourcesFiltering - skip non existing resourceDirectory C:\Users\Admin\JAVA MWF 8-00\HibernateCore\src\main\resources
2026-07-16 15:07:30,037 [Worker-9: Building] INFO  o.a.m.s.f.DefaultMavenResourcesFiltering - skip non existing resourceDirectory C:\Users\Admin\JAVA MWF 8-00\HibernateCore\src\test\resources
2026-07-16 15:07:46,455 [Worker-25: Building] INFO  o.a.m.s.f.DefaultMavenResourcesFiltering - skip non existing resourceDirectory C:\Users\Admin\JAVA MWF 8-00\HibernateCore\src\main\resources
2026-07-16 15:07:46,457 [Worker-25: Building] INFO  o.a.m.s.f.DefaultMavenResourcesFiltering - skip non existing resourceDirectory C:\Users\Admin\JAVA MWF 8-00\HibernateCore\src\test\resources
2026-07-16 15:07:49,556 [Worker-3: Building] INFO  o.a.m.s.f.DefaultMavenResourcesFiltering - skip non existing resourceDirectory C:\Users\Admin\JAVA MWF 8-00\HibernateCore\src\main\resources
2026-07-16 15:07:49,558 [Worker-3: Building] INFO  o.a.m.s.f.DefaultMavenResourcesFiltering - skip non existing resourceDirectory C:\Users\Admin\JAVA MWF 8-00\HibernateCore\src\test\resources
2026-07-16 15:07:56,878 [Worker-5: Building] INFO  o.a.m.s.f.DefaultMavenResourcesFiltering - skip non existing resourceDirectory C:\Users\Admin\JAVA MWF 8-00\HibernateCore\src\main\resources
2026-07-16 15:07:56,879 [Worker-5: Building] INFO  o.a.m.s.f.DefaultMavenResourcesFiltering - skip non existing resourceDirectory C:\Users\Admin\JAVA MWF 8-00\HibernateCore\src\test\resources
2026-07-16 15:07:58,907 [Worker-4: Building] INFO  o.a.m.s.f.DefaultMavenResourcesFiltering - skip non existing resourceDirectory C:\Users\Admin\JAVA MWF 8-00\HibernateCore\src\main\resources
2026-07-16 15:07:58,909 [Worker-4: Building] INFO  o.a.m.s.f.DefaultMavenResourcesFiltering - skip non existing resourceDirectory C:\Users\Admin\JAVA MWF 8-00\HibernateCore\src\test\resources
2026-07-16 15:08:19,023 [Worker-17: Building] INFO  o.a.m.s.f.DefaultMavenResourcesFiltering - skip non existing resourceDirectory C:\Users\Admin\JAVA MWF 8-00\HibernateCore\src\main\resources
2026-07-16 15:08:19,025 [Worker-17: Building] INFO  o.a.m.s.f.DefaultMavenResourcesFiltering - skip non existing resourceDirectory C:\Users\Admin\JAVA MWF 8-00\HibernateCore\src\test\resources
2026-07-16 15:08:28,366 [Worker-26: Building] INFO  o.a.m.s.f.DefaultMavenResourcesFiltering - skip non existing resourceDirectory C:\Users\Admin\JAVA MWF 8-00\HibernateCore\src\main\resources
2026-07-16 15:08:28,368 [Worker-26: Building] INFO  o.a.m.s.f.DefaultMavenResourcesFiltering - skip non existing resourceDirectory C:\Users\Admin\JAVA MWF 8-00\HibernateCore\src\test\resources
2026-07-16 15:08:42,002 [Worker-11: Building] INFO  o.a.m.s.f.DefaultMavenResourcesFiltering - skip non existing resourceDirectory C:\Users\Admin\JAVA MWF 8-00\HibernateCore\src\main\resources
2026-07-16 15:08:42,004 [Worker-11: Building] INFO  o.a.m.s.f.DefaultMavenResourcesFiltering - skip non existing resourceDirectory C:\Users\Admin\JAVA MWF 8-00\HibernateCore\src\test\resources
2026-07-16 15:08:56,901 [Worker-2: Building] INFO  o.a.m.s.f.DefaultMavenResourcesFiltering - skip non existing resourceDirectory C:\Users\Admin\JAVA MWF 8-00\HibernateCore\src\main\resources
2026-07-16 15:08:56,903 [Worker-2: Building] INFO  o.a.m.s.f.DefaultMavenResourcesFiltering - skip non existing resourceDirectory C:\Users\Admin\JAVA MWF 8-00\HibernateCore\src\test\resources
2026-07-16 15:09:05,090 [Worker-20: Building] INFO  o.a.m.s.f.DefaultMavenResourcesFiltering - skip non existing resourceDirectory C:\Users\Admin\JAVA MWF 8-00\HibernateCore\src\main\resources
2026-07-16 15:09:05,091 [Worker-20: Building] INFO  o.a.m.s.f.DefaultMavenResourcesFiltering - skip non existing resourceDirectory C:\Users\Admin\JAVA MWF 8-00\HibernateCore\src\test\resources
2026-07-16 15:09:07,024 [Worker-24: Building] INFO  o.a.m.s.f.DefaultMavenResourcesFiltering - skip non existing resourceDirectory C:\Users\Admin\JAVA MWF 8-00\HibernateCore\src\main\resources
2026-07-16 15:09:07,026 [Worker-24: Building] INFO  o.a.m.s.f.DefaultMavenResourcesFiltering - skip non existing resourceDirectory C:\Users\Admin\JAVA MWF 8-00\HibernateCore\src\test\resources
2026-07-16 15:09:25,406 [Worker-28: Building] INFO  o.a.m.s.f.DefaultMavenResourcesFiltering - skip non existing resourceDirectory C:\Users\Admin\JAVA MWF 8-00\HibernateCore\src\main\resources
2026-07-16 15:09:25,407 [Worker-28: Building] INFO  o.a.m.s.f.DefaultMavenResourcesFiltering - skip non existing resourceDirectory C:\Users\Admin\JAVA MWF 8-00\HibernateCore\src\test\resources
2026-07-16 15:09:44,639 [Worker-7: Building] INFO  o.a.m.s.f.DefaultMavenResourcesFiltering - skip non existing resourceDirectory C:\Users\Admin\JAVA MWF 8-00\HibernateCore\src\main\resources
2026-07-16 15:09:44,641 [Worker-7: Building] INFO  o.a.m.s.f.DefaultMavenResourcesFiltering - skip non existing resourceDirectory C:\Users\Admin\JAVA MWF 8-00\HibernateCore\src\test\resources
2026-07-16 15:09:54,319 [Worker-11: Building] INFO  o.a.m.s.f.DefaultMavenResourcesFiltering - skip non existing resourceDirectory C:\Users\Admin\JAVA MWF 8-00\HibernateCore\src\main\resources
2026-07-16 15:09:54,321 [Worker-11: Building] INFO  o.a.m.s.f.DefaultMavenResourcesFiltering - skip non existing resourceDirectory C:\Users\Admin\JAVA MWF 8-00\HibernateCore\src\test\resources
2026-07-16 15:10:10,963 [Worker-8: Building] INFO  o.a.m.s.f.DefaultMavenResourcesFiltering - skip non existing resourceDirectory C:\Users\Admin\JAVA MWF 8-00\HibernateCore\src\main\resources
2026-07-16 15:10:10,965 [Worker-8: Building] INFO  o.a.m.s.f.DefaultMavenResourcesFiltering - skip non existing resourceDirectory C:\Users\Admin\JAVA MWF 8-00\HibernateCore\src\test\resources
2026-07-16 15:10:39,764 [Worker-11: Building] INFO  o.a.m.s.f.DefaultMavenResourcesFiltering - skip non existing resourceDirectory C:\Users\Admin\JAVA MWF 8-00\HibernateCore\src\main\resources
2026-07-16 15:10:39,766 [Worker-11: Building] INFO  o.a.m.s.f.DefaultMavenResourcesFiltering - skip non existing resourceDirectory C:\Users\Admin\JAVA MWF 8-00\HibernateCore\src\test\resources
2026-07-16 15:10:55,959 [Worker-6: Building] INFO  o.a.m.s.f.DefaultMavenResourcesFiltering - skip non existing resourceDirectory C:\Users\Admin\JAVA MWF 8-00\HibernateCore\src\main\resources
2026-07-16 15:10:55,960 [Worker-6: Building] INFO  o.a.m.s.f.DefaultMavenResourcesFiltering - skip non existing resourceDirectory C:\Users\Admin\JAVA MWF 8-00\HibernateCore\src\test\resources
2026-07-16 15:11:04,071 [Worker-21: Building] INFO  o.a.m.s.f.DefaultMavenResourcesFiltering - skip non existing resourceDirectory C:\Users\Admin\JAVA MWF 8-00\HibernateCore\src\main\resources
2026-07-16 15:11:04,073 [Worker-21: Building] INFO  o.a.m.s.f.DefaultMavenResourcesFiltering - skip non existing resourceDirectory C:\Users\Admin\JAVA MWF 8-00\HibernateCore\src\test\resources
2026-07-16 15:11:29,881 [Worker-9: Building] INFO  o.a.m.s.f.DefaultMavenResourcesFiltering - skip non existing resourceDirectory C:\Users\Admin\JAVA MWF 8-00\HibernateCore\src\main\resources
2026-07-16 15:11:29,883 [Worker-9: Building] INFO  o.a.m.s.f.DefaultMavenResourcesFiltering - skip non existing resourceDirectory C:\Users\Admin\JAVA MWF 8-00\HibernateCore\src\test\resources
2026-07-16 15:13:02,102 [Worker-12: Building] INFO  o.a.m.s.f.DefaultMavenResourcesFiltering - skip non existing resourceDirectory C:\Users\Admin\JAVA MWF 8-00\HibernateCore\src\main\resources
2026-07-16 15:13:02,104 [Worker-12: Building] INFO  o.a.m.s.f.DefaultMavenResourcesFiltering - skip non existing resourceDirectory C:\Users\Admin\JAVA MWF 8-00\HibernateCore\src\test\resources
2026-07-16 15:13:03,685 [Worker-7: Building] INFO  o.a.m.s.f.DefaultMavenResourcesFiltering - skip non existing resourceDirectory C:\Users\Admin\JAVA MWF 8-00\HibernateCore\src\main\resources
2026-07-16 15:13:03,686 [Worker-7: Building] INFO  o.a.m.s.f.DefaultMavenResourcesFiltering - skip non existing resourceDirectory C:\Users\Admin\JAVA MWF 8-00\HibernateCore\src\test\resources
2026-07-16 15:13:07,219 [Worker-11: Building] INFO  o.a.m.s.f.DefaultMavenResourcesFiltering - skip non existing resourceDirectory C:\Users\Admin\JAVA MWF 8-00\HibernateCore\src\main\resources
2026-07-16 15:13:07,221 [Worker-11: Building] INFO  o.a.m.s.f.DefaultMavenResourcesFiltering - skip non existing resourceDirectory C:\Users\Admin\JAVA MWF 8-00\HibernateCore\src\test\resources
2026-07-16 15:13:44,773 [Worker-8: Building] INFO  o.a.m.s.f.DefaultMavenResourcesFiltering - skip non existing resourceDirectory C:\Users\Admin\JAVA MWF 8-00\HibernateCore\src\main\resources
2026-07-16 15:13:44,775 [Worker-8: Building] INFO  o.a.m.s.f.DefaultMavenResourcesFiltering - skip non existing resourceDirectory C:\Users\Admin\JAVA MWF 8-00\HibernateCore\src\test\resources
2026-07-16 15:13:55,720 [Worker-16: Building] INFO  o.a.m.s.f.DefaultMavenResourcesFiltering - skip non existing resourceDirectory C:\Users\Admin\JAVA MWF 8-00\HibernateCore\src\main\resources
2026-07-16 15:13:55,721 [Worker-16: Building] INFO  o.a.m.s.f.DefaultMavenResourcesFiltering - skip non existing resourceDirectory C:\Users\Admin\JAVA MWF 8-00\HibernateCore\src\test\resources
2026-07-16 15:13:56,753 [Worker-15: Building] INFO  o.a.m.s.f.DefaultMavenResourcesFiltering - skip non existing resourceDirectory C:\Users\Admin\JAVA MWF 8-00\HibernateCore\src\main\resources
2026-07-16 15:13:56,754 [Worker-15: Building] INFO  o.a.m.s.f.DefaultMavenResourcesFiltering - skip non existing resourceDirectory C:\Users\Admin\JAVA MWF 8-00\HibernateCore\src\test\resources
2026-07-16 15:14:03,403 [Worker-6: Building] INFO  o.a.m.s.f.DefaultMavenResourcesFiltering - skip non existing resourceDirectory C:\Users\Admin\JAVA MWF 8-00\HibernateCore\src\main\resources
2026-07-16 15:14:03,405 [Worker-6: Building] INFO  o.a.m.s.f.DefaultMavenResourcesFiltering - skip non existing resourceDirectory C:\Users\Admin\JAVA MWF 8-00\HibernateCore\src\test\resources
2026-07-16 15:14:06,441 [Worker-15: Building] INFO  o.a.m.s.f.DefaultMavenResourcesFiltering - skip non existing resourceDirectory C:\Users\Admin\JAVA MWF 8-00\HibernateCore\src\main\resources
2026-07-16 15:14:06,442 [Worker-15: Building] INFO  o.a.m.s.f.DefaultMavenResourcesFiltering - skip non existing resourceDirectory C:\Users\Admin\JAVA MWF 8-00\HibernateCore\src\test\resources
2026-07-16 15:14:17,800 [Worker-8: Building] INFO  o.a.m.s.f.DefaultMavenResourcesFiltering - skip non existing resourceDirectory C:\Users\Admin\JAVA MWF 8-00\HibernateCore\src\main\resources
2026-07-16 15:14:17,801 [Worker-8: Building] INFO  o.a.m.s.f.DefaultMavenResourcesFiltering - skip non existing resourceDirectory C:\Users\Admin\JAVA MWF 8-00\HibernateCore\src\test\resources
2026-07-16 15:14:32,386 [Worker-27: Building] INFO  o.a.m.s.f.DefaultMavenResourcesFiltering - skip non existing resourceDirectory C:\Users\Admin\JAVA MWF 8-00\HibernateCore\src\main\resources
2026-07-16 15:14:32,387 [Worker-27: Building] INFO  o.a.m.s.f.DefaultMavenResourcesFiltering - skip non existing resourceDirectory C:\Users\Admin\JAVA MWF 8-00\HibernateCore\src\test\resources
2026-07-16 15:14:33,462 [Worker-11: Building] INFO  o.a.m.s.f.DefaultMavenResourcesFiltering - skip non existing resourceDirectory C:\Users\Admin\JAVA MWF 8-00\HibernateCore\src\main\resources
2026-07-16 15:14:33,463 [Worker-11: Building] INFO  o.a.m.s.f.DefaultMavenResourcesFiltering - skip non existing resourceDirectory C:\Users\Admin\JAVA MWF 8-00\HibernateCore\src\test\resources
2026-07-16 15:16:46,847 [Worker-19: Building] INFO  o.a.m.s.f.DefaultMavenResourcesFiltering - skip non existing resourceDirectory C:\Users\Admin\JAVA MWF 8-00\HibernateCore\src\main\resources
2026-07-16 15:16:46,848 [Worker-19: Building] INFO  o.a.m.s.f.DefaultMavenResourcesFiltering - skip non existing resourceDirectory C:\Users\Admin\JAVA MWF 8-00\HibernateCore\src\test\resources
2026-07-16 15:16:54,934 [Worker-14: Building] INFO  o.a.m.s.f.DefaultMavenResourcesFiltering - skip non existing resourceDirectory C:\Users\Admin\JAVA MWF 8-00\HibernateCore\src\main\resources
2026-07-16 15:16:54,935 [Worker-14: Building] INFO  o.a.m.s.f.DefaultMavenResourcesFiltering - skip non existing resourceDirectory C:\Users\Admin\JAVA MWF 8-00\HibernateCore\src\test\resources
2026-07-16 15:17:11,322 [Worker-21: Building] INFO  o.a.m.s.f.DefaultMavenResourcesFiltering - skip non existing resourceDirectory C:\Users\Admin\JAVA MWF 8-00\HibernateCore\src\main\resources
2026-07-16 15:17:11,323 [Worker-21: Building] INFO  o.a.m.s.f.DefaultMavenResourcesFiltering - skip non existing resourceDirectory C:\Users\Admin\JAVA MWF 8-00\HibernateCore\src\test\resources
2026-07-16 15:17:49,372 [Worker-12: Building] INFO  o.a.m.s.f.DefaultMavenResourcesFiltering - skip non existing resourceDirectory C:\Users\Admin\JAVA MWF 8-00\HibernateCore\src\main\resources
2026-07-16 15:17:49,373 [Worker-12: Building] INFO  o.a.m.s.f.DefaultMavenResourcesFiltering - skip non existing resourceDirectory C:\Users\Admin\JAVA MWF 8-00\HibernateCore\src\test\resources
2026-07-16 15:18:08,482 [Worker-19: Building] INFO  o.a.m.s.f.DefaultMavenResourcesFiltering - skip non existing resourceDirectory C:\Users\Admin\JAVA MWF 8-00\HibernateCore\src\main\resources
2026-07-16 15:18:08,484 [Worker-19: Building] INFO  o.a.m.s.f.DefaultMavenResourcesFiltering - skip non existing resourceDirectory C:\Users\Admin\JAVA MWF 8-00\HibernateCore\src\test\resources
2026-07-16 15:18:28,037 [Worker-29: Building] INFO  o.a.m.s.f.DefaultMavenResourcesFiltering - skip non existing resourceDirectory C:\Users\Admin\JAVA MWF 8-00\HibernateCore\src\main\resources
2026-07-16 15:18:28,039 [Worker-29: Building] INFO  o.a.m.s.f.DefaultMavenResourcesFiltering - skip non existing resourceDirectory C:\Users\Admin\JAVA MWF 8-00\HibernateCore\src\test\resources
2026-07-16 15:18:37,892 [Worker-26: Building] INFO  o.a.m.s.f.DefaultMavenResourcesFiltering - skip non existing resourceDirectory C:\Users\Admin\JAVA MWF 8-00\HibernateCore\src\main\resources
2026-07-16 15:18:37,893 [Worker-26: Building] INFO  o.a.m.s.f.DefaultMavenResourcesFiltering - skip non existing resourceDirectory C:\Users\Admin\JAVA MWF 8-00\HibernateCore\src\test\resources
2026-07-16 15:18:52,372 [Worker-21: Building] INFO  o.a.m.s.f.DefaultMavenResourcesFiltering - skip non existing resourceDirectory C:\Users\Admin\JAVA MWF 8-00\HibernateCore\src\main\resources
2026-07-16 15:18:52,374 [Worker-21: Building] INFO  o.a.m.s.f.DefaultMavenResourcesFiltering - skip non existing resourceDirectory C:\Users\Admin\JAVA MWF 8-00\HibernateCore\src\test\resources
2026-07-16 15:19:32,898 [Worker-7: Building] INFO  o.a.m.s.f.DefaultMavenResourcesFiltering - skip non existing resourceDirectory C:\Users\Admin\JAVA MWF 8-00\HibernateCore\src\main\resources
2026-07-16 15:19:32,900 [Worker-7: Building] INFO  o.a.m.s.f.DefaultMavenResourcesFiltering - skip non existing resourceDirectory C:\Users\Admin\JAVA MWF 8-00\HibernateCore\src\test\resources
2026-07-16 15:19:56,609 [Worker-14: Building] INFO  o.a.m.s.f.DefaultMavenResourcesFiltering - skip non existing resourceDirectory C:\Users\Admin\JAVA MWF 8-00\HibernateCore\src\main\resources
2026-07-16 15:19:56,611 [Worker-14: Building] INFO  o.a.m.s.f.DefaultMavenResourcesFiltering - skip non existing resourceDirectory C:\Users\Admin\JAVA MWF 8-00\HibernateCore\src\test\resources
2026-07-16 15:19:58,173 [Worker-14: Building] INFO  o.a.m.s.f.DefaultMavenResourcesFiltering - skip non existing resourceDirectory C:\Users\Admin\JAVA MWF 8-00\HibernateCore\src\main\resources
2026-07-16 15:19:58,174 [Worker-14: Building] INFO  o.a.m.s.f.DefaultMavenResourcesFiltering - skip non existing resourceDirectory C:\Users\Admin\JAVA MWF 8-00\HibernateCore\src\test\resources
2026-07-16 15:20:04,743 [Worker-14: Building] INFO  o.a.m.s.f.DefaultMavenResourcesFiltering - skip non existing resourceDirectory C:\Users\Admin\JAVA MWF 8-00\HibernateCore\src\main\resources
2026-07-16 15:20:04,744 [Worker-14: Building] INFO  o.a.m.s.f.DefaultMavenResourcesFiltering - skip non existing resourceDirectory C:\Users\Admin\JAVA MWF 8-00\HibernateCore\src\test\resources
2026-07-16 15:20:05,790 [Worker-26: Building] INFO  o.a.m.s.f.DefaultMavenResourcesFiltering - skip non existing resourceDirectory C:\Users\Admin\JAVA MWF 8-00\HibernateCore\src\main\resources
2026-07-16 15:20:05,791 [Worker-26: Building] INFO  o.a.m.s.f.DefaultMavenResourcesFiltering - skip non existing resourceDirectory C:\Users\Admin\JAVA MWF 8-00\HibernateCore\src\test\resources
2026-07-16 15:20:14,483 [Worker-20: Building] INFO  o.a.m.s.f.DefaultMavenResourcesFiltering - skip non existing resourceDirectory C:\Users\Admin\JAVA MWF 8-00\HibernateCore\src\main\resources
2026-07-16 15:20:14,484 [Worker-20: Building] INFO  o.a.m.s.f.DefaultMavenResourcesFiltering - skip non existing resourceDirectory C:\Users\Admin\JAVA MWF 8-00\HibernateCore\src\test\resources
2026-07-16 15:20:15,825 [Worker-12: Building] INFO  o.a.m.s.f.DefaultMavenResourcesFiltering - skip non existing resourceDirectory C:\Users\Admin\JAVA MWF 8-00\HibernateCore\src\main\resources
2026-07-16 15:20:15,827 [Worker-12: Building] INFO  o.a.m.s.f.DefaultMavenResourcesFiltering - skip non existing resourceDirectory C:\Users\Admin\JAVA MWF 8-00\HibernateCore\src\test\resources
2026-07-16 15:21:10,211 [Worker-12: Building] INFO  o.a.m.s.f.DefaultMavenResourcesFiltering - skip non existing resourceDirectory C:\Users\Admin\JAVA MWF 8-00\HibernateCore\src\main\resources
2026-07-16 15:21:10,213 [Worker-12: Building] INFO  o.a.m.s.f.DefaultMavenResourcesFiltering - skip non existing resourceDirectory C:\Users\Admin\JAVA MWF 8-00\HibernateCore\src\test\resources
2026-07-16 15:21:11,739 [Worker-26: Building] INFO  o.a.m.s.f.DefaultMavenResourcesFiltering - skip non existing resourceDirectory C:\Users\Admin\JAVA MWF 8-00\HibernateCore\src\main\resources
2026-07-16 15:21:11,741 [Worker-26: Building] INFO  o.a.m.s.f.DefaultMavenResourcesFiltering - skip non existing resourceDirectory C:\Users\Admin\JAVA MWF 8-00\HibernateCore\src\test\resources
2026-07-16 15:22:15,138 [Worker-19: Building] INFO  o.a.m.s.f.DefaultMavenResourcesFiltering - skip non existing resourceDirectory C:\Users\Admin\JAVA MWF 8-00\HibernateCore\src\main\resources
2026-07-16 15:22:15,139 [Worker-19: Building] INFO  o.a.m.s.f.DefaultMavenResourcesFiltering - skip non existing resourceDirectory C:\Users\Admin\JAVA MWF 8-00\HibernateCore\src\test\resources
2026-07-16 15:22:28,543 [Worker-22: Building] INFO  o.a.m.s.f.DefaultMavenResourcesFiltering - skip non existing resourceDirectory C:\Users\Admin\JAVA MWF 8-00\HibernateCore\src\main\resources
2026-07-16 15:22:28,545 [Worker-22: Building] INFO  o.a.m.s.f.DefaultMavenResourcesFiltering - skip non existing resourceDirectory C:\Users\Admin\JAVA MWF 8-00\HibernateCore\src\test\resources
2026-07-16 15:28:10,574 [Stop Help Server] INFO  org.eclipse.jetty.server.Server - Stopped oejs.Server@23592f9d{STOPPING}[12.0.9,sto=0]
2026-07-16 15:28:10,577 [Stop Help Server] INFO  o.e.jetty.server.AbstractConnector - Stopped ServerConnector@6bc6d99d{HTTP/1.1, (http/1.1)}{127.0.0.1:0}
2026-07-18 15:20:54,968 [Worker-5: Loading available Gradle versions] INFO  o.e.b.c.i.u.g.PublishedGradleVersions - Gradle version information cache is out-of-date. Trying to update.
2026-07-18 15:23:28,031 [Worker-16: Building] INFO  o.a.m.s.f.DefaultMavenResourcesFiltering - skip non existing resourceDirectory C:\Users\Admin\JAVA MWF 8-00\HibernateCore\src\main\resources
2026-07-18 15:23:28,035 [Worker-16: Building] INFO  o.a.m.s.f.DefaultMavenResourcesFiltering - skip non existing resourceDirectory C:\Users\Admin\JAVA MWF 8-00\HibernateCore\src\test\resources
2026-07-18 15:23:33,933 [Worker-21: Building] INFO  o.a.m.s.f.DefaultMavenResourcesFiltering - skip non existing resourceDirectory C:\Users\Admin\JAVA MWF 8-00\HibernateCore\src\main\resources
2026-07-18 15:23:33,935 [Worker-21: Building] INFO  o.a.m.s.f.DefaultMavenResourcesFiltering - skip non existing resourceDirectory C:\Users\Admin\JAVA MWF 8-00\HibernateCore\src\test\resources
2026-07-18 15:23:57,220 [Start Help Server] INFO  org.eclipse.jetty.server.Server - jetty-12.0.9; built: 2024-05-03T13:03:17.262Z; git: efe8023327e67287f9bfd006700e6a71d45b5dd6; jvm 23.0.2+7-58
2026-07-18 15:23:57,269 [Start Help Server] INFO  o.e.j.server.handler.ContextHandler - Started oeje8n.ContextHandler$CoreContextHandler@7b0bbb1a{/help,/help,b=null,a=AVAILABLE,h=oeje8n.ContextHandler$CoreContextHandler$CoreToNestedHandler@9c7967f{STARTED}}
2026-07-18 15:23:57,270 [Start Help Server] INFO  o.e.j.s.DefaultSessionIdManager - Session workerName=node0
2026-07-18 15:23:57,284 [Start Help Server] INFO  o.e.jetty.server.AbstractConnector - Started ServerConnector@73b89d96{HTTP/1.1, (http/1.1)}{127.0.0.1:64152}
2026-07-18 15:23:57,298 [Start Help Server] INFO  org.eclipse.jetty.server.Server - Started oejs.Server@4b735963{STARTING}[12.0.9,sto=0] @234969ms
2026-07-18 15:24:02,935 [Worker-1: Building] INFO  o.a.m.s.f.DefaultMavenResourcesFiltering - skip non existing resourceDirectory C:\Users\Admin\JAVA MWF 8-00\HibernateCore\src\main\resources
2026-07-18 15:24:02,936 [Worker-1: Building] INFO  o.a.m.s.f.DefaultMavenResourcesFiltering - skip non existing resourceDirectory C:\Users\Admin\JAVA MWF 8-00\HibernateCore\src\test\resources
2026-07-18 15:25:31,446 [Worker-12: Building] INFO  o.a.m.s.f.DefaultMavenResourcesFiltering - skip non existing resourceDirectory C:\Users\Admin\JAVA MWF 8-00\HibernateCore\src\main\resources
2026-07-18 15:25:31,448 [Worker-12: Building] INFO  o.a.m.s.f.DefaultMavenResourcesFiltering - skip non existing resourceDirectory C:\Users\Admin\JAVA MWF 8-00\HibernateCore\src\test\resources
2026-07-18 15:25:39,945 [Worker-28: Building] INFO  o.a.m.s.f.DefaultMavenResourcesFiltering - skip non existing resourceDirectory C:\Users\Admin\JAVA MWF 8-00\HibernateCore\src\main\resources
2026-07-18 15:25:39,947 [Worker-28: Building] INFO  o.a.m.s.f.DefaultMavenResourcesFiltering - skip non existing resourceDirectory C:\Users\Admin\JAVA MWF 8-00\HibernateCore\src\test\resources
2026-07-18 15:25:51,115 [Worker-25: Building] INFO  o.a.m.s.f.DefaultMavenResourcesFiltering - skip non existing resourceDirectory C:\Users\Admin\JAVA MWF 8-00\HibernateCore\src\main\resources
2026-07-18 15:25:51,117 [Worker-25: Building] INFO  o.a.m.s.f.DefaultMavenResourcesFiltering - skip non existing resourceDirectory C:\Users\Admin\JAVA MWF 8-00\HibernateCore\src\test\resources
2026-07-18 15:25:54,869 [Worker-9: Building] INFO  o.a.m.s.f.DefaultMavenResourcesFiltering - skip non existing resourceDirectory C:\Users\Admin\JAVA MWF 8-00\HibernateCore\src\main\resources
2026-07-18 15:25:54,870 [Worker-9: Building] INFO  o.a.m.s.f.DefaultMavenResourcesFiltering - skip non existing resourceDirectory C:\Users\Admin\JAVA MWF 8-00\HibernateCore\src\test\resources
2026-07-18 15:26:33,993 [Worker-8: Building] INFO  o.a.m.s.f.DefaultMavenResourcesFiltering - skip non existing resourceDirectory C:\Users\Admin\JAVA MWF 8-00\HibernateCore\src\main\resources
2026-07-18 15:26:33,995 [Worker-8: Building] INFO  o.a.m.s.f.DefaultMavenResourcesFiltering - skip non existing resourceDirectory C:\Users\Admin\JAVA MWF 8-00\HibernateCore\src\test\resources
2026-07-18 15:27:00,974 [Worker-27: Building] INFO  o.a.m.s.f.DefaultMavenResourcesFiltering - skip non existing resourceDirectory C:\Users\Admin\JAVA MWF 8-00\HibernateCore\src\main\resources
2026-07-18 15:27:00,976 [Worker-27: Building] INFO  o.a.m.s.f.DefaultMavenResourcesFiltering - skip non existing resourceDirectory C:\Users\Admin\JAVA MWF 8-00\HibernateCore\src\test\resources
2026-07-18 15:27:03,080 [Worker-21: Building] INFO  o.a.m.s.f.DefaultMavenResourcesFiltering - skip non existing resourceDirectory C:\Users\Admin\JAVA MWF 8-00\HibernateCore\src\main\resources
2026-07-18 15:27:03,081 [Worker-21: Building] INFO  o.a.m.s.f.DefaultMavenResourcesFiltering - skip non existing resourceDirectory C:\Users\Admin\JAVA MWF 8-00\HibernateCore\src\test\resources
2026-07-18 15:27:04,196 [Worker-28: Building] INFO  o.a.m.s.f.DefaultMavenResourcesFiltering - skip non existing resourceDirectory C:\Users\Admin\JAVA MWF 8-00\HibernateCore\src\main\resources
2026-07-18 15:27:04,198 [Worker-28: Building] INFO  o.a.m.s.f.DefaultMavenResourcesFiltering - skip non existing resourceDirectory C:\Users\Admin\JAVA MWF 8-00\HibernateCore\src\test\resources
2026-07-18 15:27:11,254 [Worker-9: Building] INFO  o.a.m.s.f.DefaultMavenResourcesFiltering - skip non existing resourceDirectory C:\Users\Admin\JAVA MWF 8-00\HibernateCore\src\main\resources
2026-07-18 15:27:11,256 [Worker-9: Building] INFO  o.a.m.s.f.DefaultMavenResourcesFiltering - skip non existing resourceDirectory C:\Users\Admin\JAVA MWF 8-00\HibernateCore\src\test\resources
2026-07-18 15:32:33,988 [Worker-12: Building] INFO  o.a.m.s.f.DefaultMavenResourcesFiltering - skip non existing resourceDirectory C:\Users\Admin\JAVA MWF 8-00\HibernateCore\src\main\resources
2026-07-18 15:32:33,990 [Worker-12: Building] INFO  o.a.m.s.f.DefaultMavenResourcesFiltering - skip non existing resourceDirectory C:\Users\Admin\JAVA MWF 8-00\HibernateCore\src\test\resources
2026-07-18 15:32:41,820 [Worker-30: Building] INFO  o.a.m.s.f.DefaultMavenResourcesFiltering - skip non existing resourceDirectory C:\Users\Admin\JAVA MWF 8-00\HibernateCore\src\main\resources
2026-07-18 15:32:41,822 [Worker-30: Building] INFO  o.a.m.s.f.DefaultMavenResourcesFiltering - skip non existing resourceDirectory C:\Users\Admin\JAVA MWF 8-00\HibernateCore\src\test\resources
2026-07-18 15:32:53,514 [Worker-28: Building] INFO  o.a.m.s.f.DefaultMavenResourcesFiltering - skip non existing resourceDirectory C:\Users\Admin\JAVA MWF 8-00\HibernateCore\src\main\resources
2026-07-18 15:32:53,515 [Worker-28: Building] INFO  o.a.m.s.f.DefaultMavenResourcesFiltering - skip non existing resourceDirectory C:\Users\Admin\JAVA MWF 8-00\HibernateCore\src\test\resources
2026-07-18 15:32:54,543 [Worker-12: Building] INFO  o.a.m.s.f.DefaultMavenResourcesFiltering - skip non existing resourceDirectory C:\Users\Admin\JAVA MWF 8-00\HibernateCore\src\main\resources
2026-07-18 15:32:54,544 [Worker-12: Building] INFO  o.a.m.s.f.DefaultMavenResourcesFiltering - skip non existing resourceDirectory C:\Users\Admin\JAVA MWF 8-00\HibernateCore\src\test\resources
2026-07-18 15:32:55,596 [Worker-30: Building] INFO  o.a.m.s.f.DefaultMavenResourcesFiltering - skip non existing resourceDirectory C:\Users\Admin\JAVA MWF 8-00\HibernateCore\src\main\resources
2026-07-18 15:32:55,598 [Worker-30: Building] INFO  o.a.m.s.f.DefaultMavenResourcesFiltering - skip non existing resourceDirectory C:\Users\Admin\JAVA MWF 8-00\HibernateCore\src\test\resources
2026-07-18 15:33:05,794 [Worker-28: Building] INFO  o.a.m.s.f.DefaultMavenResourcesFiltering - skip non existing resourceDirectory C:\Users\Admin\JAVA MWF 8-00\HibernateCore\src\main\resources
2026-07-18 15:33:05,796 [Worker-28: Building] INFO  o.a.m.s.f.DefaultMavenResourcesFiltering - skip non existing resourceDirectory C:\Users\Admin\JAVA MWF 8-00\HibernateCore\src\test\resources
2026-07-18 15:33:07,828 [Worker-31: Building] INFO  o.a.m.s.f.DefaultMavenResourcesFiltering - skip non existing resourceDirectory C:\Users\Admin\JAVA MWF 8-00\HibernateCore\src\main\resources
2026-07-18 15:33:07,830 [Worker-31: Building] INFO  o.a.m.s.f.DefaultMavenResourcesFiltering - skip non existing resourceDirectory C:\Users\Admin\JAVA MWF 8-00\HibernateCore\src\test\resources
2026-07-18 15:33:31,595 [Worker-30: Building] INFO  o.a.m.s.f.DefaultMavenResourcesFiltering - skip non existing resourceDirectory C:\Users\Admin\JAVA MWF 8-00\HibernateCore\src\main\resources
2026-07-18 15:33:31,597 [Worker-30: Building] INFO  o.a.m.s.f.DefaultMavenResourcesFiltering - skip non existing resourceDirectory C:\Users\Admin\JAVA MWF 8-00\HibernateCore\src\test\resources
2026-07-18 15:33:42,812 [Worker-30: Building] INFO  o.a.m.s.f.DefaultMavenResourcesFiltering - skip non existing resourceDirectory C:\Users\Admin\JAVA MWF 8-00\HibernateCore\src\main\resources
2026-07-18 15:33:42,814 [Worker-30: Building] INFO  o.a.m.s.f.DefaultMavenResourcesFiltering - skip non existing resourceDirectory C:\Users\Admin\JAVA MWF 8-00\HibernateCore\src\test\resources
2026-07-18 15:34:05,901 [Worker-33: Building] INFO  o.a.m.s.f.DefaultMavenResourcesFiltering - skip non existing resourceDirectory C:\Users\Admin\JAVA MWF 8-00\HibernateCore\src\main\resources
2026-07-18 15:34:05,903 [Worker-33: Building] INFO  o.a.m.s.f.DefaultMavenResourcesFiltering - skip non existing resourceDirectory C:\Users\Admin\JAVA MWF 8-00\HibernateCore\src\test\resources
2026-07-18 15:34:13,255 [Worker-31: Building] INFO  o.a.m.s.f.DefaultMavenResourcesFiltering - skip non existing resourceDirectory C:\Users\Admin\JAVA MWF 8-00\HibernateCore\src\main\resources
2026-07-18 15:34:13,256 [Worker-31: Building] INFO  o.a.m.s.f.DefaultMavenResourcesFiltering - skip non existing resourceDirectory C:\Users\Admin\JAVA MWF 8-00\HibernateCore\src\test\resources
2026-07-18 15:34:39,437 [Worker-12: Building] INFO  o.a.m.s.f.DefaultMavenResourcesFiltering - skip non existing resourceDirectory C:\Users\Admin\JAVA MWF 8-00\HibernateCore\src\main\resources
2026-07-18 15:34:39,438 [Worker-12: Building] INFO  o.a.m.s.f.DefaultMavenResourcesFiltering - skip non existing resourceDirectory C:\Users\Admin\JAVA MWF 8-00\HibernateCore\src\test\resources
2026-07-18 15:34:40,506 [Worker-33: Building] INFO  o.a.m.s.f.DefaultMavenResourcesFiltering - skip non existing resourceDirectory C:\Users\Admin\JAVA MWF 8-00\HibernateCore\src\main\resources
2026-07-18 15:34:40,508 [Worker-33: Building] INFO  o.a.m.s.f.DefaultMavenResourcesFiltering - skip non existing resourceDirectory C:\Users\Admin\JAVA MWF 8-00\HibernateCore\src\test\resources
2026-07-18 15:34:53,424 [Worker-33: Building] INFO  o.a.m.s.f.DefaultMavenResourcesFiltering - skip non existing resourceDirectory C:\Users\Admin\JAVA MWF 8-00\HibernateCore\src\main\resources
2026-07-18 15:34:53,426 [Worker-33: Building] INFO  o.a.m.s.f.DefaultMavenResourcesFiltering - skip non existing resourceDirectory C:\Users\Admin\JAVA MWF 8-00\HibernateCore\src\test\resources
2026-07-18 15:35:15,576 [Worker-12: Building] INFO  o.a.m.s.f.DefaultMavenResourcesFiltering - skip non existing resourceDirectory C:\Users\Admin\JAVA MWF 8-00\HibernateCore\src\main\resources
2026-07-18 15:35:15,578 [Worker-12: Building] INFO  o.a.m.s.f.DefaultMavenResourcesFiltering - skip non existing resourceDirectory C:\Users\Admin\JAVA MWF 8-00\HibernateCore\src\test\resources
2026-07-18 15:36:16,857 [Worker-30: Building] INFO  o.a.m.s.f.DefaultMavenResourcesFiltering - skip non existing resourceDirectory C:\Users\Admin\JAVA MWF 8-00\HibernateCore\src\main\resources
2026-07-18 15:36:16,859 [Worker-30: Building] INFO  o.a.m.s.f.DefaultMavenResourcesFiltering - skip non existing resourceDirectory C:\Users\Admin\JAVA MWF 8-00\HibernateCore\src\test\resources
2026-07-18 15:36:42,864 [Worker-33: Building] INFO  o.a.m.s.f.DefaultMavenResourcesFiltering - skip non existing resourceDirectory C:\Users\Admin\JAVA MWF 8-00\HibernateCore\src\main\resources
2026-07-18 15:36:42,865 [Worker-33: Building] INFO  o.a.m.s.f.DefaultMavenResourcesFiltering - skip non existing resourceDirectory C:\Users\Admin\JAVA MWF 8-00\HibernateCore\src\test\resources
2026-07-18 15:36:43,913 [Worker-34: Building] INFO  o.a.m.s.f.DefaultMavenResourcesFiltering - skip non existing resourceDirectory C:\Users\Admin\JAVA MWF 8-00\HibernateCore\src\main\resources
2026-07-18 15:36:43,914 [Worker-34: Building] INFO  o.a.m.s.f.DefaultMavenResourcesFiltering - skip non existing resourceDirectory C:\Users\Admin\JAVA MWF 8-00\HibernateCore\src\test\resources
2026-07-18 15:38:36,113 [Worker-34: Building] INFO  o.a.m.s.f.DefaultMavenResourcesFiltering - skip non existing resourceDirectory C:\Users\Admin\JAVA MWF 8-00\HibernateCore\src\main\resources
2026-07-18 15:38:36,115 [Worker-34: Building] INFO  o.a.m.s.f.DefaultMavenResourcesFiltering - skip non existing resourceDirectory C:\Users\Admin\JAVA MWF 8-00\HibernateCore\src\test\resources
2026-07-18 15:39:01,391 [Worker-34: Building] INFO  o.a.m.s.f.DefaultMavenResourcesFiltering - skip non existing resourceDirectory C:\Users\Admin\JAVA MWF 8-00\HibernateCore\src\main\resources
2026-07-18 15:39:01,393 [Worker-34: Building] INFO  o.a.m.s.f.DefaultMavenResourcesFiltering - skip non existing resourceDirectory C:\Users\Admin\JAVA MWF 8-00\HibernateCore\src\test\resources
2026-07-18 15:39:38,509 [Worker-34: Building] INFO  o.a.m.s.f.DefaultMavenResourcesFiltering - skip non existing resourceDirectory C:\Users\Admin\JAVA MWF 8-00\HibernateCore\src\main\resources
2026-07-18 15:39:38,510 [Worker-34: Building] INFO  o.a.m.s.f.DefaultMavenResourcesFiltering - skip non existing resourceDirectory C:\Users\Admin\JAVA MWF 8-00\HibernateCore\src\test\resources
2026-07-18 15:40:24,445 [Worker-31: Building] INFO  o.a.m.s.f.DefaultMavenResourcesFiltering - skip non existing resourceDirectory C:\Users\Admin\JAVA MWF 8-00\HibernateCore\src\main\resources
2026-07-18 15:40:24,448 [Worker-31: Building] INFO  o.a.m.s.f.DefaultMavenResourcesFiltering - skip non existing resourceDirectory C:\Users\Admin\JAVA MWF 8-00\HibernateCore\src\test\resources
2026-07-18 15:40:32,530 [Worker-30: Building] INFO  o.a.m.s.f.DefaultMavenResourcesFiltering - skip non existing resourceDirectory C:\Users\Admin\JAVA MWF 8-00\HibernateCore\src\main\resources
2026-07-18 15:40:32,531 [Worker-30: Building] INFO  o.a.m.s.f.DefaultMavenResourcesFiltering - skip non existing resourceDirectory C:\Users\Admin\JAVA MWF 8-00\HibernateCore\src\test\resources
2026-07-18 15:40:39,802 [Worker-12: Building] INFO  o.a.m.s.f.DefaultMavenResourcesFiltering - skip non existing resourceDirectory C:\Users\Admin\JAVA MWF 8-00\HibernateCore\src\main\resources
2026-07-18 15:40:39,805 [Worker-12: Building] INFO  o.a.m.s.f.DefaultMavenResourcesFiltering - skip non existing resourceDirectory C:\Users\Admin\JAVA MWF 8-00\HibernateCore\src\test\resources
2026-07-18 15:40:49,750 [Worker-31: Building] INFO  o.a.m.s.f.DefaultMavenResourcesFiltering - skip non existing resourceDirectory C:\Users\Admin\JAVA MWF 8-00\HibernateCore\src\main\resources
2026-07-18 15:40:49,752 [Worker-31: Building] INFO  o.a.m.s.f.DefaultMavenResourcesFiltering - skip non existing resourceDirectory C:\Users\Admin\JAVA MWF 8-00\HibernateCore\src\test\resources
2026-07-18 15:41:18,527 [Worker-34: Building] INFO  o.a.m.s.f.DefaultMavenResourcesFiltering - skip non existing resourceDirectory C:\Users\Admin\JAVA MWF 8-00\HibernateCore\src\main\resources
2026-07-18 15:41:18,528 [Worker-34: Building] INFO  o.a.m.s.f.DefaultMavenResourcesFiltering - skip non existing resourceDirectory C:\Users\Admin\JAVA MWF 8-00\HibernateCore\src\test\resources
2026-07-18 15:41:29,361 [Worker-33: Building] INFO  o.a.m.s.f.DefaultMavenResourcesFiltering - skip non existing resourceDirectory C:\Users\Admin\JAVA MWF 8-00\HibernateCore\src\main\resources
2026-07-18 15:41:29,362 [Worker-33: Building] INFO  o.a.m.s.f.DefaultMavenResourcesFiltering - skip non existing resourceDirectory C:\Users\Admin\JAVA MWF 8-00\HibernateCore\src\test\resources
2026-07-18 15:42:33,883 [Worker-12: Building] INFO  o.a.m.s.f.DefaultMavenResourcesFiltering - skip non existing resourceDirectory C:\Users\Admin\JAVA MWF 8-00\HibernateCore\src\main\resources
2026-07-18 15:42:33,885 [Worker-12: Building] INFO  o.a.m.s.f.DefaultMavenResourcesFiltering - skip non existing resourceDirectory C:\Users\Admin\JAVA MWF 8-00\HibernateCore\src\test\resources
2026-07-18 15:42:35,538 [Worker-34: Building] INFO  o.a.m.s.f.DefaultMavenResourcesFiltering - skip non existing resourceDirectory C:\Users\Admin\JAVA MWF 8-00\HibernateCore\src\main\resources
2026-07-18 15:42:35,540 [Worker-34: Building] INFO  o.a.m.s.f.DefaultMavenResourcesFiltering - skip non existing resourceDirectory C:\Users\Admin\JAVA MWF 8-00\HibernateCore\src\test\resources
2026-07-18 15:42:59,088 [Worker-32: Building] INFO  o.a.m.s.f.DefaultMavenResourcesFiltering - skip non existing resourceDirectory C:\Users\Admin\JAVA MWF 8-00\HibernateCore\src\main\resources
2026-07-18 15:42:59,089 [Worker-32: Building] INFO  o.a.m.s.f.DefaultMavenResourcesFiltering - skip non existing resourceDirectory C:\Users\Admin\JAVA MWF 8-00\HibernateCore\src\test\resources
2026-07-18 15:43:29,448 [Worker-31: Building] INFO  o.a.m.s.f.DefaultMavenResourcesFiltering - skip non existing resourceDirectory C:\Users\Admin\JAVA MWF 8-00\HibernateCore\src\main\resources
2026-07-18 15:43:29,449 [Worker-31: Building] INFO  o.a.m.s.f.DefaultMavenResourcesFiltering - skip non existing resourceDirectory C:\Users\Admin\JAVA MWF 8-00\HibernateCore\src\test\resources
2026-07-18 15:44:19,592 [Worker-32: Building] INFO  o.a.m.s.f.DefaultMavenResourcesFiltering - skip non existing resourceDirectory C:\Users\Admin\JAVA MWF 8-00\HibernateCore\src\main\resources
2026-07-18 15:44:19,594 [Worker-32: Building] INFO  o.a.m.s.f.DefaultMavenResourcesFiltering - skip non existing resourceDirectory C:\Users\Admin\JAVA MWF 8-00\HibernateCore\src\test\resources
2026-07-18 16:03:57,424 [Stop Help Server] INFO  org.eclipse.jetty.server.Server - Stopped oejs.Server@4b735963{STOPPING}[12.0.9,sto=0]
2026-07-18 16:03:57,428 [Stop Help Server] INFO  o.e.jetty.server.AbstractConnector - Stopped ServerConnector@73b89d96{HTTP/1.1, (http/1.1)}{127.0.0.1:0}
2026-07-23 15:12:32,955 [Worker-7: Loading available Gradle versions] INFO  o.e.b.c.i.u.g.PublishedGradleVersions - Gradle version information cache is out-of-date. Trying to update.
2026-07-23 15:28:09,901 [Worker-41: Launching mavenrun-1a22356a-cedb-48ac-9cf4-9073ccd1c3e8] INFO  o.eclipse.m2e.core.internal.Bundles - getClasspathEntries(Bundle=org.eclipse.m2e.maven.runtime_3.9.700.20240602-2313 [642])
2026-07-23 15:28:09,903 [Worker-41: Launching mavenrun-1a22356a-cedb-48ac-9cf4-9073ccd1c3e8] INFO  o.eclipse.m2e.core.internal.Bundles - 	Entry: C:\Users\Admin\.p2\pool\plugins\org.eclipse.m2e.maven.runtime_3.9.700.20240602-2313
2026-07-23 15:28:09,904 [Worker-41: Launching mavenrun-1a22356a-cedb-48ac-9cf4-9073ccd1c3e8] INFO  o.eclipse.m2e.core.internal.Bundles - 	Entry: C:\Users\Admin\.p2\pool\plugins\org.eclipse.m2e.maven.runtime_3.9.700.20240602-2313\jars\aopalliance-1.0.jar
2026-07-23 15:28:09,904 [Worker-41: Launching mavenrun-1a22356a-cedb-48ac-9cf4-9073ccd1c3e8] INFO  o.eclipse.m2e.core.internal.Bundles - 	Entry: C:\Users\Admin\.p2\pool\plugins\org.eclipse.m2e.maven.runtime_3.9.700.20240602-2313\jars\guice-5.1.0.jar
2026-07-23 15:28:09,904 [Worker-41: Launching mavenrun-1a22356a-cedb-48ac-9cf4-9073ccd1c3e8] INFO  o.eclipse.m2e.core.internal.Bundles - 	Entry: C:\Users\Admin\.p2\pool\plugins\org.eclipse.m2e.maven.runtime_3.9.700.20240602-2313\jars\httpclient-4.5.14.jar
2026-07-23 15:28:09,904 [Worker-41: Launching mavenrun-1a22356a-cedb-48ac-9cf4-9073ccd1c3e8] INFO  o.eclipse.m2e.core.internal.Bundles - 	Entry: C:\Users\Admin\.p2\pool\plugins\org.eclipse.m2e.maven.runtime_3.9.700.20240602-2313\jars\httpcore-4.4.16.jar
2026-07-23 15:28:09,904 [Worker-41: Launching mavenrun-1a22356a-cedb-48ac-9cf4-9073ccd1c3e8] INFO  o.eclipse.m2e.core.internal.Bundles - 	Entry: C:\Users\Admin\.p2\pool\plugins\org.eclipse.m2e.maven.runtime_3.9.700.20240602-2313\jars\jansi-2.4.1.jar
2026-07-23 15:28:09,904 [Worker-41: Launching mavenrun-1a22356a-cedb-48ac-9cf4-9073ccd1c3e8] INFO  o.eclipse.m2e.core.internal.Bundles - 	Entry: C:\Users\Admin\.p2\pool\plugins\org.eclipse.m2e.maven.runtime_3.9.700.20240602-2313\jars\jcl-over-slf4j-1.7.36.jar
2026-07-23 15:28:09,905 [Worker-41: Launching mavenrun-1a22356a-cedb-48ac-9cf4-9073ccd1c3e8] INFO  o.eclipse.m2e.core.internal.Bundles - 	Entry: C:\Users\Admin\.p2\pool\plugins\org.eclipse.m2e.maven.runtime_3.9.700.20240602-2313\jars\maven-artifact-3.9.7.jar
2026-07-23 15:28:09,905 [Worker-41: Launching mavenrun-1a22356a-cedb-48ac-9cf4-9073ccd1c3e8] INFO  o.eclipse.m2e.core.internal.Bundles - 	Entry: C:\Users\Admin\.p2\pool\plugins\org.eclipse.m2e.maven.runtime_3.9.700.20240602-2313\jars\maven-builder-support-3.9.7.jar
2026-07-23 15:28:09,905 [Worker-41: Launching mavenrun-1a22356a-cedb-48ac-9cf4-9073ccd1c3e8] INFO  o.eclipse.m2e.core.internal.Bundles - 	Entry: C:\Users\Admin\.p2\pool\plugins\org.eclipse.m2e.maven.runtime_3.9.700.20240602-2313\jars\maven-compat-3.9.7.jar
2026-07-23 15:28:09,905 [Worker-41: Launching mavenrun-1a22356a-cedb-48ac-9cf4-9073ccd1c3e8] INFO  o.eclipse.m2e.core.internal.Bundles - 	Entry: C:\Users\Admin\.p2\pool\plugins\org.eclipse.m2e.maven.runtime_3.9.700.20240602-2313\jars\maven-core-3.9.7.jar
2026-07-23 15:28:09,905 [Worker-41: Launching mavenrun-1a22356a-cedb-48ac-9cf4-9073ccd1c3e8] INFO  o.eclipse.m2e.core.internal.Bundles - 	Entry: C:\Users\Admin\.p2\pool\plugins\org.eclipse.m2e.maven.runtime_3.9.700.20240602-2313\jars\maven-embedder-3.9.7.jar
2026-07-23 15:28:09,905 [Worker-41: Launching mavenrun-1a22356a-cedb-48ac-9cf4-9073ccd1c3e8] INFO  o.eclipse.m2e.core.internal.Bundles - 	Entry: C:\Users\Admin\.p2\pool\plugins\org.eclipse.m2e.maven.runtime_3.9.700.20240602-2313\jars\maven-model-3.9.7.jar
2026-07-23 15:28:09,905 [Worker-41: Launching mavenrun-1a22356a-cedb-48ac-9cf4-9073ccd1c3e8] INFO  o.eclipse.m2e.core.internal.Bundles - 	Entry: C:\Users\Admin\.p2\pool\plugins\org.eclipse.m2e.maven.runtime_3.9.700.20240602-2313\jars\maven-model-builder-3.9.7.jar
2026-07-23 15:28:09,905 [Worker-41: Launching mavenrun-1a22356a-cedb-48ac-9cf4-9073ccd1c3e8] INFO  o.eclipse.m2e.core.internal.Bundles - 	Entry: C:\Users\Admin\.p2\pool\plugins\org.eclipse.m2e.maven.runtime_3.9.700.20240602-2313\jars\maven-plugin-api-3.9.7.jar
2026-07-23 15:28:09,906 [Worker-41: Launching mavenrun-1a22356a-cedb-48ac-9cf4-9073ccd1c3e8] INFO  o.eclipse.m2e.core.internal.Bundles - 	Entry: C:\Users\Admin\.p2\pool\plugins\org.eclipse.m2e.maven.runtime_3.9.700.20240602-2313\jars\maven-repository-metadata-3.9.7.jar
2026-07-23 15:28:09,906 [Worker-41: Launching mavenrun-1a22356a-cedb-48ac-9cf4-9073ccd1c3e8] INFO  o.eclipse.m2e.core.internal.Bundles - 	Entry: C:\Users\Admin\.p2\pool\plugins\org.eclipse.m2e.maven.runtime_3.9.700.20240602-2313\jars\maven-resolver-api-1.9.20.jar
2026-07-23 15:28:09,906 [Worker-41: Launching mavenrun-1a22356a-cedb-48ac-9cf4-9073ccd1c3e8] INFO  o.eclipse.m2e.core.internal.Bundles - 	Entry: C:\Users\Admin\.p2\pool\plugins\org.eclipse.m2e.maven.runtime_3.9.700.20240602-2313\jars\maven-resolver-connector-basic-1.9.20.jar
2026-07-23 15:28:09,906 [Worker-41: Launching mavenrun-1a22356a-cedb-48ac-9cf4-9073ccd1c3e8] INFO  o.eclipse.m2e.core.internal.Bundles - 	Entry: C:\Users\Admin\.p2\pool\plugins\org.eclipse.m2e.maven.runtime_3.9.700.20240602-2313\jars\maven-resolver-impl-1.9.20.jar
2026-07-23 15:28:09,906 [Worker-41: Launching mavenrun-1a22356a-cedb-48ac-9cf4-9073ccd1c3e8] INFO  o.eclipse.m2e.core.internal.Bundles - 	Entry: C:\Users\Admin\.p2\pool\plugins\org.eclipse.m2e.maven.runtime_3.9.700.20240602-2313\jars\maven-resolver-named-locks-1.9.20.jar
2026-07-23 15:28:09,906 [Worker-41: Launching mavenrun-1a22356a-cedb-48ac-9cf4-9073ccd1c3e8] INFO  o.eclipse.m2e.core.internal.Bundles - 	Entry: C:\Users\Admin\.p2\pool\plugins\org.eclipse.m2e.maven.runtime_3.9.700.20240602-2313\jars\maven-resolver-provider-3.9.7.jar
2026-07-23 15:28:09,906 [Worker-41: Launching mavenrun-1a22356a-cedb-48ac-9cf4-9073ccd1c3e8] INFO  o.eclipse.m2e.core.internal.Bundles - 	Entry: C:\Users\Admin\.p2\pool\plugins\org.eclipse.m2e.maven.runtime_3.9.700.20240602-2313\jars\maven-resolver-spi-1.9.20.jar
2026-07-23 15:28:09,906 [Worker-41: Launching mavenrun-1a22356a-cedb-48ac-9cf4-9073ccd1c3e8] INFO  o.eclipse.m2e.core.internal.Bundles - 	Entry: C:\Users\Admin\.p2\pool\plugins\org.eclipse.m2e.maven.runtime_3.9.700.20240602-2313\jars\maven-resolver-transport-file-1.9.20.jar
2026-07-23 15:28:09,907 [Worker-41: Launching mavenrun-1a22356a-cedb-48ac-9cf4-9073ccd1c3e8] INFO  o.eclipse.m2e.core.internal.Bundles - 	Entry: C:\Users\Admin\.p2\pool\plugins\org.eclipse.m2e.maven.runtime_3.9.700.20240602-2313\jars\maven-resolver-transport-http-1.9.20.jar
2026-07-23 15:28:09,907 [Worker-41: Launching mavenrun-1a22356a-cedb-48ac-9cf4-9073ccd1c3e8] INFO  o.eclipse.m2e.core.internal.Bundles - 	Entry: C:\Users\Admin\.p2\pool\plugins\org.eclipse.m2e.maven.runtime_3.9.700.20240602-2313\jars\maven-resolver-transport-wagon-1.9.20.jar
2026-07-23 15:28:09,907 [Worker-41: Launching mavenrun-1a22356a-cedb-48ac-9cf4-9073ccd1c3e8] INFO  o.eclipse.m2e.core.internal.Bundles - 	Entry: C:\Users\Admin\.p2\pool\plugins\org.eclipse.m2e.maven.runtime_3.9.700.20240602-2313\jars\maven-resolver-util-1.9.20.jar
2026-07-23 15:28:09,907 [Worker-41: Launching mavenrun-1a22356a-cedb-48ac-9cf4-9073ccd1c3e8] INFO  o.eclipse.m2e.core.internal.Bundles - 	Entry: C:\Users\Admin\.p2\pool\plugins\org.eclipse.m2e.maven.runtime_3.9.700.20240602-2313\jars\maven-settings-3.9.7.jar
2026-07-23 15:28:09,907 [Worker-41: Launching mavenrun-1a22356a-cedb-48ac-9cf4-9073ccd1c3e8] INFO  o.eclipse.m2e.core.internal.Bundles - 	Entry: C:\Users\Admin\.p2\pool\plugins\org.eclipse.m2e.maven.runtime_3.9.700.20240602-2313\jars\maven-settings-builder-3.9.7.jar
2026-07-23 15:28:09,907 [Worker-41: Launching mavenrun-1a22356a-cedb-48ac-9cf4-9073ccd1c3e8] INFO  o.eclipse.m2e.core.internal.Bundles - 	Entry: C:\Users\Admin\.p2\pool\plugins\org.eclipse.m2e.maven.runtime_3.9.700.20240602-2313\jars\maven-shared-utils-3.4.2.jar
2026-07-23 15:28:09,907 [Worker-41: Launching mavenrun-1a22356a-cedb-48ac-9cf4-9073ccd1c3e8] INFO  o.eclipse.m2e.core.internal.Bundles - 	Entry: C:\Users\Admin\.p2\pool\plugins\org.eclipse.m2e.maven.runtime_3.9.700.20240602-2313\jars\org.eclipse.sisu.inject-0.9.0.M2.jar
2026-07-23 15:28:09,907 [Worker-41: Launching mavenrun-1a22356a-cedb-48ac-9cf4-9073ccd1c3e8] INFO  o.eclipse.m2e.core.internal.Bundles - 	Entry: C:\Users\Admin\.p2\pool\plugins\org.eclipse.m2e.maven.runtime_3.9.700.20240602-2313\jars\org.eclipse.sisu.plexus-0.9.0.M2.jar
2026-07-23 15:28:09,908 [Worker-41: Launching mavenrun-1a22356a-cedb-48ac-9cf4-9073ccd1c3e8] INFO  o.eclipse.m2e.core.internal.Bundles - 	Entry: C:\Users\Admin\.p2\pool\plugins\org.eclipse.m2e.maven.runtime_3.9.700.20240602-2313\jars\plexus-build-api-0.0.7.jar
2026-07-23 15:28:09,908 [Worker-41: Launching mavenrun-1a22356a-cedb-48ac-9cf4-9073ccd1c3e8] INFO  o.eclipse.m2e.core.internal.Bundles - 	Entry: C:\Users\Admin\.p2\pool\plugins\org.eclipse.m2e.maven.runtime_3.9.700.20240602-2313\jars\plexus-build-api-1.2.0.jar
2026-07-23 15:28:09,908 [Worker-41: Launching mavenrun-1a22356a-cedb-48ac-9cf4-9073ccd1c3e8] INFO  o.eclipse.m2e.core.internal.Bundles - 	Entry: C:\Users\Admin\.p2\pool\plugins\org.eclipse.m2e.maven.runtime_3.9.700.20240602-2313\jars\plexus-cipher-2.0.jar
2026-07-23 15:28:09,908 [Worker-41: Launching mavenrun-1a22356a-cedb-48ac-9cf4-9073ccd1c3e8] INFO  o.eclipse.m2e.core.internal.Bundles - 	Entry: C:\Users\Admin\.p2\pool\plugins\org.eclipse.m2e.maven.runtime_3.9.700.20240602-2313\jars\plexus-classworlds-2.8.0.jar
2026-07-23 15:28:09,908 [Worker-41: Launching mavenrun-1a22356a-cedb-48ac-9cf4-9073ccd1c3e8] INFO  o.eclipse.m2e.core.internal.Bundles - 	Entry: C:\Users\Admin\.p2\pool\plugins\org.eclipse.m2e.maven.runtime_3.9.700.20240602-2313\jars\plexus-component-annotations-2.1.0.jar
2026-07-23 15:28:09,908 [Worker-41: Launching mavenrun-1a22356a-cedb-48ac-9cf4-9073ccd1c3e8] INFO  o.eclipse.m2e.core.internal.Bundles - 	Entry: C:\Users\Admin\.p2\pool\plugins\org.eclipse.m2e.maven.runtime_3.9.700.20240602-2313\jars\plexus-interpolation-1.27.jar
2026-07-23 15:28:09,908 [Worker-41: Launching mavenrun-1a22356a-cedb-48ac-9cf4-9073ccd1c3e8] INFO  o.eclipse.m2e.core.internal.Bundles - 	Entry: C:\Users\Admin\.p2\pool\plugins\org.eclipse.m2e.maven.runtime_3.9.700.20240602-2313\jars\plexus-sec-dispatcher-2.0.jar
2026-07-23 15:28:09,908 [Worker-41: Launching mavenrun-1a22356a-cedb-48ac-9cf4-9073ccd1c3e8] INFO  o.eclipse.m2e.core.internal.Bundles - 	Entry: C:\Users\Admin\.p2\pool\plugins\org.eclipse.m2e.maven.runtime_3.9.700.20240602-2313\jars\plexus-utils-3.5.1.jar
2026-07-23 15:28:09,909 [Worker-41: Launching mavenrun-1a22356a-cedb-48ac-9cf4-9073ccd1c3e8] INFO  o.eclipse.m2e.core.internal.Bundles - 	Entry: C:\Users\Admin\.p2\pool\plugins\org.eclipse.m2e.maven.runtime_3.9.700.20240602-2313\jars\wagon-file-3.5.3.jar
2026-07-23 15:28:09,909 [Worker-41: Launching mavenrun-1a22356a-cedb-48ac-9cf4-9073ccd1c3e8] INFO  o.eclipse.m2e.core.internal.Bundles - 	Entry: C:\Users\Admin\.p2\pool\plugins\org.eclipse.m2e.maven.runtime_3.9.700.20240602-2313\jars\wagon-http-3.5.3.jar
2026-07-23 15:28:09,909 [Worker-41: Launching mavenrun-1a22356a-cedb-48ac-9cf4-9073ccd1c3e8] INFO  o.eclipse.m2e.core.internal.Bundles - 	Entry: C:\Users\Admin\.p2\pool\plugins\org.eclipse.m2e.maven.runtime_3.9.700.20240602-2313\jars\wagon-http-shared-3.5.3.jar
2026-07-23 15:28:09,909 [Worker-41: Launching mavenrun-1a22356a-cedb-48ac-9cf4-9073ccd1c3e8] INFO  o.eclipse.m2e.core.internal.Bundles - 	Entry: C:\Users\Admin\.p2\pool\plugins\org.eclipse.m2e.maven.runtime_3.9.700.20240602-2313\jars\wagon-provider-api-3.5.3.jar
2026-07-23 15:28:09,910 [Worker-41: Launching mavenrun-1a22356a-cedb-48ac-9cf4-9073ccd1c3e8] INFO  o.eclipse.m2e.core.internal.Bundles - getClasspathEntries(Bundle=com.google.guava_33.4.8.jre [1147])
2026-07-23 15:28:09,910 [Worker-41: Launching mavenrun-1a22356a-cedb-48ac-9cf4-9073ccd1c3e8] INFO  o.eclipse.m2e.core.internal.Bundles - 	Entry: C:\Users\Admin\.p2\pool\plugins\com.google.guava_33.4.8.jre.jar
2026-07-23 15:28:09,910 [Worker-41: Launching mavenrun-1a22356a-cedb-48ac-9cf4-9073ccd1c3e8] INFO  o.eclipse.m2e.core.internal.Bundles - getClasspathEntries(Bundle=slf4j.api_2.0.17 [1007])
2026-07-23 15:28:09,911 [Worker-41: Launching mavenrun-1a22356a-cedb-48ac-9cf4-9073ccd1c3e8] INFO  o.eclipse.m2e.core.internal.Bundles - 	Entry: C:\Users\Admin\.p2\pool\plugins\slf4j.api_2.0.17.jar
2026-07-23 15:28:09,911 [Worker-41: Launching mavenrun-1a22356a-cedb-48ac-9cf4-9073ccd1c3e8] INFO  o.eclipse.m2e.core.internal.Bundles - getClasspathEntries(Bundle=javax.inject_1.0.0.v20091030 [1223])
2026-07-23 15:28:09,911 [Worker-41: Launching mavenrun-1a22356a-cedb-48ac-9cf4-9073ccd1c3e8] INFO  o.eclipse.m2e.core.internal.Bundles - 	Entry: C:\Users\Admin\.p2\pool\plugins\javax.inject_1.0.0.v20091030.jar
2026-07-23 15:28:09,911 [Worker-41: Launching mavenrun-1a22356a-cedb-48ac-9cf4-9073ccd1c3e8] INFO  o.eclipse.m2e.core.internal.Bundles - getClasspathEntries(Bundle=javax.annotation_1.3.5.v20200909-1856 [44])
2026-07-23 15:28:09,911 [Worker-41: Launching mavenrun-1a22356a-cedb-48ac-9cf4-9073ccd1c3e8] INFO  o.eclipse.m2e.core.internal.Bundles - 	Entry: C:\Users\Admin\.p2\pool\plugins\javax.annotation_1.3.5.v20200909-1856.jar
2026-07-23 15:28:09,911 [Worker-41: Launching mavenrun-1a22356a-cedb-48ac-9cf4-9073ccd1c3e8] INFO  o.eclipse.m2e.core.internal.Bundles - getClasspathEntries(Bundle=org.apache.commons.cli_1.9.0 [1161])
2026-07-23 15:28:09,912 [Worker-41: Launching mavenrun-1a22356a-cedb-48ac-9cf4-9073ccd1c3e8] INFO  o.eclipse.m2e.core.internal.Bundles - 	Entry: C:\Users\Admin\.p2\pool\plugins\org.apache.commons.cli_1.9.0.jar
2026-07-23 15:28:09,912 [Worker-41: Launching mavenrun-1a22356a-cedb-48ac-9cf4-9073ccd1c3e8] INFO  o.eclipse.m2e.core.internal.Bundles - getClasspathEntries(Bundle=org.apache.commons.commons-codec_1.16.0 [81])
2026-07-23 15:28:09,912 [Worker-41: Launching mavenrun-1a22356a-cedb-48ac-9cf4-9073ccd1c3e8] INFO  o.eclipse.m2e.core.internal.Bundles - 	Entry: C:\Users\Admin\.p2\pool\plugins\org.apache.commons.commons-codec_1.16.0.jar
2026-07-23 15:28:09,912 [Worker-41: Launching mavenrun-1a22356a-cedb-48ac-9cf4-9073ccd1c3e8] INFO  o.eclipse.m2e.core.internal.Bundles - getClasspathEntries(Bundle=org.apache.commons.lang3_3.17.0 [1064])
2026-07-23 15:28:09,912 [Worker-41: Launching mavenrun-1a22356a-cedb-48ac-9cf4-9073ccd1c3e8] INFO  o.eclipse.m2e.core.internal.Bundles - 	Entry: C:\Users\Admin\.p2\pool\plugins\org.apache.commons.lang3_3.17.0.jar
2026-07-23 15:28:09,912 [Worker-41: Launching mavenrun-1a22356a-cedb-48ac-9cf4-9073ccd1c3e8] INFO  o.eclipse.m2e.core.internal.Bundles - getClasspathEntries(Bundle=com.google.guava.failureaccess_1.0.3 [1148])
2026-07-23 15:28:09,913 [Worker-41: Launching mavenrun-1a22356a-cedb-48ac-9cf4-9073ccd1c3e8] INFO  o.eclipse.m2e.core.internal.Bundles - 	Entry: C:\Users\Admin\.p2\pool\plugins\com.google.guava.failureaccess_1.0.3.jar
2026-07-23 15:28:09,915 [Worker-41: Launching mavenrun-1a22356a-cedb-48ac-9cf4-9073ccd1c3e8] INFO  o.e.m.i.launch.MavenLaunchDelegate - Run build in "C:\Users\Admin\AppData\Local\Temp\m2e-archetypeGenerator14303582558016424510":
2026-07-23 15:28:09,918 [Worker-41: Launching mavenrun-1a22356a-cedb-48ac-9cf4-9073ccd1c3e8] INFO  o.e.m.i.launch.MavenLaunchDelegate -  mvn  -DarchetypeGroupId=org.apache.maven.archetypes -DarchetypeArtifactId=maven-archetype-quickstart -DarchetypeVersion=1.1 -DgroupId=com.core -DartifactId=SpringCore -Dversion=0.0.1-SNAPSHOT -Dpackage=com.core -DoutputDirectory="C:\Users\Admin\JAVA MWF 8-00" -Dstyle.color=always -U archetype:generate
2026-07-23 15:28:15,678 [Worker-51: Creating maven-archetype-quickstart] INFO  o.e.m.c.i.p.ProjectConfigurationManager - Collecting project info '/pom.xml' C:\Users\Admin\JAVA MWF 8-00\SpringCore\pom.xml
2026-07-23 15:28:16,264 [Worker-51: Creating maven-archetype-quickstart] INFO  o.e.m.c.i.l.LifecycleMappingFactory - Using org.eclipse.m2e.jdt.JarLifecycleMapping lifecycle mapping for MavenProject: com.core:SpringCore:0.0.1-SNAPSHOT @ C:\Users\Admin\JAVA MWF 8-00\SpringCore\pom.xml.
2026-07-23 15:28:16,797 [Worker-51: Creating maven-archetype-quickstart] INFO  o.e.m.j.i.AbstractJavaProjectConfigurator - Adding source folder /SpringCore/src/main/java
2026-07-23 15:28:16,799 [Worker-51: Creating maven-archetype-quickstart] INFO  o.e.m.j.i.AbstractJavaProjectConfigurator - Adding resource folder /SpringCore/src/main/resources
2026-07-23 15:28:16,802 [Worker-51: Creating maven-archetype-quickstart] INFO  o.e.m.j.i.AbstractJavaProjectConfigurator - Adding source folder /SpringCore/src/test/java
2026-07-23 15:28:16,803 [Worker-51: Creating maven-archetype-quickstart] INFO  o.e.m.j.i.AbstractJavaProjectConfigurator - Adding resource folder /SpringCore/src/test/resources
2026-07-23 15:28:16,876 [Worker-51: Creating maven-archetype-quickstart] INFO  o.e.m.c.i.p.ProjectConfigurationManager - Imported and configured 1 project(s) in 1 sec
2026-07-23 15:28:17,253 [Worker-41: Building] INFO  o.a.m.s.f.DefaultMavenResourcesFiltering - skip non existing resourceDirectory C:\Users\Admin\JAVA MWF 8-00\SpringCore\src\main\resources
2026-07-23 15:28:17,256 [Worker-41: Building] INFO  o.a.m.s.f.DefaultMavenResourcesFiltering - skip non existing resourceDirectory C:\Users\Admin\JAVA MWF 8-00\SpringCore\src\test\resources
2026-07-23 15:28:31,704 [Worker-57: Building] INFO  o.e.m.c.i.l.LifecycleMappingFactory - Using org.eclipse.m2e.jdt.JarLifecycleMapping lifecycle mapping for MavenProject: com.core:SpringCore:0.0.1-SNAPSHOT @ C:\Users\Admin\JAVA MWF 8-00\SpringCore\pom.xml.
2026-07-23 15:28:31,821 [Worker-57: Building] INFO  o.a.m.s.f.DefaultMavenResourcesFiltering - skip non existing resourceDirectory C:\Users\Admin\JAVA MWF 8-00\SpringCore\src\main\resources
2026-07-23 15:28:31,824 [Worker-57: Building] INFO  o.a.m.s.f.DefaultMavenResourcesFiltering - skip non existing resourceDirectory C:\Users\Admin\JAVA MWF 8-00\SpringCore\src\test\resources
2026-07-23 15:32:07,200 [Worker-68: Building] INFO  o.e.m.c.i.l.LifecycleMappingFactory - Using org.eclipse.m2e.jdt.JarLifecycleMapping lifecycle mapping for MavenProject: com.core:SpringCore:0.0.1-SNAPSHOT @ C:\Users\Admin\JAVA MWF 8-00\SpringCore\pom.xml.
2026-07-23 15:32:07,435 [Worker-68: Building] INFO  o.e.m.c.i.e.AbstractTransferListenerAdapter - Downloading https://repo.maven.apache.org/maven2/org/springframework/spring-core/7.0.8/spring-core-7.0.8.pom
2026-07-23 15:32:07,442 [Worker-68: Building] INFO  o.e.m.c.i.e.AbstractTransferListenerAdapter - Downloaded https://repo.maven.apache.org/maven2/org/springframework/spring-core/7.0.8/spring-core-7.0.8.pom
2026-07-23 15:32:07,521 [Worker-68: Building] INFO  o.e.m.c.i.e.AbstractTransferListenerAdapter - Downloading https://repo.maven.apache.org/maven2/org/springframework/spring-core/7.0.8/spring-core-7.0.8.jar
2026-07-23 15:32:07,743 [Worker-68: Building] INFO  o.e.m.c.i.e.AbstractTransferListenerAdapter - Downloaded https://repo.maven.apache.org/maven2/org/springframework/spring-core/7.0.8/spring-core-7.0.8.jar
2026-07-23 15:32:07,848 [Worker-68: Building] INFO  o.a.m.s.f.DefaultMavenResourcesFiltering - skip non existing resourceDirectory C:\Users\Admin\JAVA MWF 8-00\SpringCore\src\main\resources
2026-07-23 15:32:07,851 [Worker-68: Building] INFO  o.a.m.s.f.DefaultMavenResourcesFiltering - skip non existing resourceDirectory C:\Users\Admin\JAVA MWF 8-00\SpringCore\src\test\resources
2026-07-23 15:32:08,857 [Worker-37: Download sources and javadoc] INFO  o.e.m.c.i.e.AbstractTransferListenerAdapter - Downloading https://repo.maven.apache.org/maven2/org/springframework/spring-core/7.0.8/spring-core-7.0.8-sources.jar
2026-07-23 15:32:08,961 [Worker-37: Download sources and javadoc] INFO  o.e.m.c.i.e.AbstractTransferListenerAdapter - Downloaded https://repo.maven.apache.org/maven2/org/springframework/spring-core/7.0.8/spring-core-7.0.8-sources.jar
2026-07-23 15:32:08,965 [Worker-37: Download sources and javadoc] INFO  o.e.m.j.internal.DownloadSourcesJob - Downloaded sources for org.springframework:spring-core:7.0.8
2026-07-23 15:32:09,292 [Worker-49: Building] INFO  o.a.m.s.f.DefaultMavenResourcesFiltering - skip non existing resourceDirectory C:\Users\Admin\JAVA MWF 8-00\SpringCore\src\main\resources
2026-07-23 15:32:09,294 [Worker-49: Building] INFO  o.a.m.s.f.DefaultMavenResourcesFiltering - skip non existing resourceDirectory C:\Users\Admin\JAVA MWF 8-00\SpringCore\src\test\resources
2026-07-23 15:33:07,646 [Worker-37: Building] INFO  o.e.m.c.i.l.LifecycleMappingFactory - Using org.eclipse.m2e.jdt.JarLifecycleMapping lifecycle mapping for MavenProject: com.core:SpringCore:0.0.1-SNAPSHOT @ C:\Users\Admin\JAVA MWF 8-00\SpringCore\pom.xml.
2026-07-23 15:33:07,782 [Worker-37: Building] INFO  o.e.m.c.i.e.AbstractTransferListenerAdapter - Downloading https://repo.maven.apache.org/maven2/org/springframework/spring-context/7.0.8/spring-context-7.0.8.pom
2026-07-23 15:33:07,787 [Worker-37: Building] INFO  o.e.m.c.i.e.AbstractTransferListenerAdapter - Downloaded https://repo.maven.apache.org/maven2/org/springframework/spring-context/7.0.8/spring-context-7.0.8.pom
2026-07-23 15:33:07,840 [Worker-37: Building] INFO  o.e.m.c.i.e.AbstractTransferListenerAdapter - Downloading https://repo.maven.apache.org/maven2/org/springframework/spring-aop/7.0.8/spring-aop-7.0.8.pom
2026-07-23 15:33:07,855 [Worker-37: Building] INFO  o.e.m.c.i.e.AbstractTransferListenerAdapter - Downloaded https://repo.maven.apache.org/maven2/org/springframework/spring-aop/7.0.8/spring-aop-7.0.8.pom
2026-07-23 15:33:07,913 [Worker-37: Building] INFO  o.e.m.c.i.e.AbstractTransferListenerAdapter - Downloading https://repo.maven.apache.org/maven2/org/springframework/spring-beans/7.0.8/spring-beans-7.0.8.pom
2026-07-23 15:33:07,919 [Worker-37: Building] INFO  o.e.m.c.i.e.AbstractTransferListenerAdapter - Downloaded https://repo.maven.apache.org/maven2/org/springframework/spring-beans/7.0.8/spring-beans-7.0.8.pom
2026-07-23 15:33:07,968 [Worker-37: Building] INFO  o.e.m.c.i.e.AbstractTransferListenerAdapter - Downloading https://repo.maven.apache.org/maven2/org/springframework/spring-expression/7.0.8/spring-expression-7.0.8.pom
2026-07-23 15:33:07,971 [Worker-37: Building] INFO  o.e.m.c.i.e.AbstractTransferListenerAdapter - Downloaded https://repo.maven.apache.org/maven2/org/springframework/spring-expression/7.0.8/spring-expression-7.0.8.pom
2026-07-23 15:33:08,019 [Worker-37: Building] INFO  o.e.m.c.i.e.AbstractTransferListenerAdapter - Downloading https://repo.maven.apache.org/maven2/io/micrometer/micrometer-observation/1.16.6/micrometer-observation-1.16.6.pom
2026-07-23 15:33:08,025 [Worker-37: Building] INFO  o.e.m.c.i.e.AbstractTransferListenerAdapter - Downloaded https://repo.maven.apache.org/maven2/io/micrometer/micrometer-observation/1.16.6/micrometer-observation-1.16.6.pom
2026-07-23 15:33:08,077 [Worker-37: Building] INFO  o.e.m.c.i.e.AbstractTransferListenerAdapter - Downloading https://repo.maven.apache.org/maven2/io/micrometer/micrometer-commons/1.16.6/micrometer-commons-1.16.6.pom
2026-07-23 15:33:08,080 [Worker-37: Building] INFO  o.e.m.c.i.e.AbstractTransferListenerAdapter - Downloaded https://repo.maven.apache.org/maven2/io/micrometer/micrometer-commons/1.16.6/micrometer-commons-1.16.6.pom
2026-07-23 15:33:08,134 [Worker-37: Building] INFO  o.e.m.c.i.e.AbstractTransferListenerAdapter - Downloading https://repo.maven.apache.org/maven2/org/springframework/spring-context/7.0.8/spring-context-7.0.8.jar
2026-07-23 15:33:08,268 [Worker-37: Building] INFO  o.e.m.c.i.e.AbstractTransferListenerAdapter - Downloaded https://repo.maven.apache.org/maven2/org/springframework/spring-context/7.0.8/spring-context-7.0.8.jar
2026-07-23 15:33:08,313 [BasicRepositoryConnector-repo.maven.apache.org-0-1] INFO  o.e.m.c.i.e.AbstractTransferListenerAdapter - Downloading https://repo.maven.apache.org/maven2/org/springframework/spring-expression/7.0.8/spring-expression-7.0.8.jar
2026-07-23 15:33:08,338 [BasicRepositoryConnector-repo.maven.apache.org-0-1] INFO  o.e.m.c.i.e.AbstractTransferListenerAdapter - Downloaded https://repo.maven.apache.org/maven2/org/springframework/spring-expression/7.0.8/spring-expression-7.0.8.jar
2026-07-23 15:33:08,348 [BasicRepositoryConnector-repo.maven.apache.org-0-4] INFO  o.e.m.c.i.e.AbstractTransferListenerAdapter - Downloading https://repo.maven.apache.org/maven2/org/springframework/spring-aop/7.0.8/spring-aop-7.0.8.jar
2026-07-23 15:33:08,367 [BasicRepositoryConnector-repo.maven.apache.org-0-0] INFO  o.e.m.c.i.e.AbstractTransferListenerAdapter - Downloading https://repo.maven.apache.org/maven2/org/springframework/spring-beans/7.0.8/spring-beans-7.0.8.jar
2026-07-23 15:33:08,369 [BasicRepositoryConnector-repo.maven.apache.org-0-3] INFO  o.e.m.c.i.e.AbstractTransferListenerAdapter - Downloading https://repo.maven.apache.org/maven2/io/micrometer/micrometer-commons/1.16.6/micrometer-commons-1.16.6.jar
2026-07-23 15:33:08,399 [BasicRepositoryConnector-repo.maven.apache.org-0-4] INFO  o.e.m.c.i.e.AbstractTransferListenerAdapter - Downloaded https://repo.maven.apache.org/maven2/org/springframework/spring-aop/7.0.8/spring-aop-7.0.8.jar
2026-07-23 15:33:08,403 [BasicRepositoryConnector-repo.maven.apache.org-0-3] INFO  o.e.m.c.i.e.AbstractTransferListenerAdapter - Downloaded https://repo.maven.apache.org/maven2/io/micrometer/micrometer-commons/1.16.6/micrometer-commons-1.16.6.jar
2026-07-23 15:33:08,475 [BasicRepositoryConnector-repo.maven.apache.org-0-0] INFO  o.e.m.c.i.e.AbstractTransferListenerAdapter - Downloaded https://repo.maven.apache.org/maven2/org/springframework/spring-beans/7.0.8/spring-beans-7.0.8.jar
2026-07-23 15:33:08,718 [BasicRepositoryConnector-repo.maven.apache.org-0-2] INFO  o.e.m.c.i.e.AbstractTransferListenerAdapter - Downloading https://repo.maven.apache.org/maven2/io/micrometer/micrometer-observation/1.16.6/micrometer-observation-1.16.6.jar
2026-07-23 15:33:08,752 [BasicRepositoryConnector-repo.maven.apache.org-0-2] INFO  o.e.m.c.i.e.AbstractTransferListenerAdapter - Downloaded https://repo.maven.apache.org/maven2/io/micrometer/micrometer-observation/1.16.6/micrometer-observation-1.16.6.jar
2026-07-23 15:33:08,864 [Worker-37: Building] INFO  o.a.m.s.f.DefaultMavenResourcesFiltering - skip non existing resourceDirectory C:\Users\Admin\JAVA MWF 8-00\SpringCore\src\main\resources
2026-07-23 15:33:08,868 [Worker-37: Building] INFO  o.a.m.s.f.DefaultMavenResourcesFiltering - skip non existing resourceDirectory C:\Users\Admin\JAVA MWF 8-00\SpringCore\src\test\resources
2026-07-23 15:33:09,878 [Worker-57: Download sources and javadoc] INFO  o.e.m.c.i.e.AbstractTransferListenerAdapter - Downloading https://repo.maven.apache.org/maven2/org/springframework/spring-context/7.0.8/spring-context-7.0.8-sources.jar
2026-07-23 15:33:09,993 [Worker-57: Download sources and javadoc] INFO  o.e.m.c.i.e.AbstractTransferListenerAdapter - Downloaded https://repo.maven.apache.org/maven2/org/springframework/spring-context/7.0.8/spring-context-7.0.8-sources.jar
2026-07-23 15:33:09,996 [Worker-57: Download sources and javadoc] INFO  o.e.m.j.internal.DownloadSourcesJob - Downloaded sources for org.springframework:spring-context:7.0.8
2026-07-23 15:33:10,094 [Worker-57: Download sources and javadoc] INFO  o.e.m.c.i.e.AbstractTransferListenerAdapter - Downloading https://repo.maven.apache.org/maven2/org/springframework/spring-beans/7.0.8/spring-beans-7.0.8-sources.jar
2026-07-23 15:33:10,202 [Worker-57: Download sources and javadoc] INFO  o.e.m.c.i.e.AbstractTransferListenerAdapter - Downloaded https://repo.maven.apache.org/maven2/org/springframework/spring-beans/7.0.8/spring-beans-7.0.8-sources.jar
2026-07-23 15:33:10,205 [Worker-57: Download sources and javadoc] INFO  o.e.m.j.internal.DownloadSourcesJob - Downloaded sources for org.springframework:spring-beans:7.0.8
2026-07-23 15:33:10,256 [Worker-49: Building] INFO  o.a.m.s.f.DefaultMavenResourcesFiltering - skip non existing resourceDirectory C:\Users\Admin\JAVA MWF 8-00\SpringCore\src\main\resources
2026-07-23 15:33:10,258 [Worker-49: Building] INFO  o.a.m.s.f.DefaultMavenResourcesFiltering - skip non existing resourceDirectory C:\Users\Admin\JAVA MWF 8-00\SpringCore\src\test\resources
2026-07-23 15:33:10,293 [Worker-57: Download sources and javadoc] INFO  o.e.m.c.i.e.AbstractTransferListenerAdapter - Downloading https://repo.maven.apache.org/maven2/org/springframework/spring-expression/7.0.8/spring-expression-7.0.8-sources.jar
2026-07-23 15:33:10,349 [Worker-57: Download sources and javadoc] INFO  o.e.m.c.i.e.AbstractTransferListenerAdapter - Downloaded https://repo.maven.apache.org/maven2/org/springframework/spring-expression/7.0.8/spring-expression-7.0.8-sources.jar
2026-07-23 15:33:10,354 [Worker-57: Download sources and javadoc] INFO  o.e.m.j.internal.DownloadSourcesJob - Downloaded sources for org.springframework:spring-expression:7.0.8
2026-07-23 15:33:10,441 [Worker-57: Download sources and javadoc] INFO  o.e.m.c.i.e.AbstractTransferListenerAdapter - Downloading https://repo.maven.apache.org/maven2/io/micrometer/micrometer-observation/1.16.6/micrometer-observation-1.16.6-sources.jar
2026-07-23 15:33:10,474 [Worker-57: Download sources and javadoc] INFO  o.e.m.c.i.e.AbstractTransferListenerAdapter - Downloaded https://repo.maven.apache.org/maven2/io/micrometer/micrometer-observation/1.16.6/micrometer-observation-1.16.6-sources.jar
2026-07-23 15:33:10,477 [Worker-57: Download sources and javadoc] INFO  o.e.m.j.internal.DownloadSourcesJob - Downloaded sources for io.micrometer:micrometer-observation:1.16.6
2026-07-23 15:33:10,592 [Worker-57: Download sources and javadoc] INFO  o.e.m.c.i.e.AbstractTransferListenerAdapter - Downloading https://repo.maven.apache.org/maven2/io/micrometer/micrometer-commons/1.16.6/micrometer-commons-1.16.6-sources.jar
2026-07-23 15:33:10,629 [Worker-57: Download sources and javadoc] INFO  o.e.m.c.i.e.AbstractTransferListenerAdapter - Downloaded https://repo.maven.apache.org/maven2/io/micrometer/micrometer-commons/1.16.6/micrometer-commons-1.16.6-sources.jar
2026-07-23 15:33:10,632 [Worker-57: Download sources and javadoc] INFO  o.e.m.j.internal.DownloadSourcesJob - Downloaded sources for io.micrometer:micrometer-commons:1.16.6
2026-07-23 15:33:10,712 [Worker-57: Download sources and javadoc] INFO  o.e.m.c.i.e.AbstractTransferListenerAdapter - Downloading https://repo.maven.apache.org/maven2/org/springframework/spring-aop/7.0.8/spring-aop-7.0.8-sources.jar
2026-07-23 15:33:10,769 [Worker-57: Download sources and javadoc] INFO  o.e.m.c.i.e.AbstractTransferListenerAdapter - Downloaded https://repo.maven.apache.org/maven2/org/springframework/spring-aop/7.0.8/spring-aop-7.0.8-sources.jar
2026-07-23 15:33:10,772 [Worker-57: Download sources and javadoc] INFO  o.e.m.j.internal.DownloadSourcesJob - Downloaded sources for org.springframework:spring-aop:7.0.8
2026-07-23 15:36:08,442 [Worker-49: Building] INFO  o.a.m.s.f.DefaultMavenResourcesFiltering - skip non existing resourceDirectory C:\Users\Admin\JAVA MWF 8-00\SpringCore\src\main\resources
2026-07-23 15:36:08,445 [Worker-49: Building] INFO  o.a.m.s.f.DefaultMavenResourcesFiltering - skip non existing resourceDirectory C:\Users\Admin\JAVA MWF 8-00\SpringCore\src\test\resources
2026-07-23 15:36:13,025 [Worker-68: Building] INFO  o.a.m.s.f.DefaultMavenResourcesFiltering - skip non existing resourceDirectory C:\Users\Admin\JAVA MWF 8-00\SpringCore\src\main\resources
2026-07-23 15:36:13,026 [Worker-68: Building] INFO  o.a.m.s.f.DefaultMavenResourcesFiltering - skip non existing resourceDirectory C:\Users\Admin\JAVA MWF 8-00\SpringCore\src\test\resources
2026-07-23 15:36:21,691 [Worker-72: Building] INFO  o.a.m.s.f.DefaultMavenResourcesFiltering - skip non existing resourceDirectory C:\Users\Admin\JAVA MWF 8-00\SpringCore\src\main\resources
2026-07-23 15:36:21,695 [Worker-72: Building] INFO  o.a.m.s.f.DefaultMavenResourcesFiltering - skip non existing resourceDirectory C:\Users\Admin\JAVA MWF 8-00\SpringCore\src\test\resources
2026-07-23 15:36:40,930 [Worker-73: Building] INFO  o.a.m.s.f.DefaultMavenResourcesFiltering - skip non existing resourceDirectory C:\Users\Admin\JAVA MWF 8-00\SpringCore\src\main\resources
2026-07-23 15:36:40,931 [Worker-73: Building] INFO  o.a.m.s.f.DefaultMavenResourcesFiltering - skip non existing resourceDirectory C:\Users\Admin\JAVA MWF 8-00\SpringCore\src\test\resources
2026-07-23 15:36:59,290 [Worker-73: Building] INFO  o.a.m.s.f.DefaultMavenResourcesFiltering - skip non existing resourceDirectory C:\Users\Admin\JAVA MWF 8-00\SpringCore\src\main\resources
2026-07-23 15:36:59,292 [Worker-73: Building] INFO  o.a.m.s.f.DefaultMavenResourcesFiltering - skip non existing resourceDirectory C:\Users\Admin\JAVA MWF 8-00\SpringCore\src\test\resources
2026-07-23 15:37:08,757 [Worker-71: Building] INFO  o.a.m.s.f.DefaultMavenResourcesFiltering - skip non existing resourceDirectory C:\Users\Admin\JAVA MWF 8-00\SpringCore\src\main\resources
2026-07-23 15:37:08,759 [Worker-71: Building] INFO  o.a.m.s.f.DefaultMavenResourcesFiltering - skip non existing resourceDirectory C:\Users\Admin\JAVA MWF 8-00\SpringCore\src\test\resources
2026-07-23 15:37:09,861 [Worker-49: Building] INFO  o.a.m.s.f.DefaultMavenResourcesFiltering - skip non existing resourceDirectory C:\Users\Admin\JAVA MWF 8-00\SpringCore\src\main\resources
2026-07-23 15:37:09,863 [Worker-49: Building] INFO  o.a.m.s.f.DefaultMavenResourcesFiltering - skip non existing resourceDirectory C:\Users\Admin\JAVA MWF 8-00\SpringCore\src\test\resources
2026-07-23 15:37:11,709 [Worker-70: Building] INFO  o.a.m.s.f.DefaultMavenResourcesFiltering - skip non existing resourceDirectory C:\Users\Admin\JAVA MWF 8-00\SpringCore\src\main\resources
2026-07-23 15:37:11,710 [Worker-70: Building] INFO  o.a.m.s.f.DefaultMavenResourcesFiltering - skip non existing resourceDirectory C:\Users\Admin\JAVA MWF 8-00\SpringCore\src\test\resources
2026-07-23 15:37:46,456 [Worker-70: Building] INFO  o.a.m.s.f.DefaultMavenResourcesFiltering - skip non existing resourceDirectory C:\Users\Admin\JAVA MWF 8-00\SpringCore\src\main\resources
2026-07-23 15:37:46,458 [Worker-70: Building] INFO  o.a.m.s.f.DefaultMavenResourcesFiltering - skip non existing resourceDirectory C:\Users\Admin\JAVA MWF 8-00\SpringCore\src\test\resources
2026-07-23 15:37:51,268 [Worker-72: Building] INFO  o.a.m.s.f.DefaultMavenResourcesFiltering - skip non existing resourceDirectory C:\Users\Admin\JAVA MWF 8-00\SpringCore\src\main\resources
2026-07-23 15:37:51,269 [Worker-72: Building] INFO  o.a.m.s.f.DefaultMavenResourcesFiltering - skip non existing resourceDirectory C:\Users\Admin\JAVA MWF 8-00\SpringCore\src\test\resources
2026-07-23 15:40:17,291 [Worker-75: Building] INFO  o.a.m.s.f.DefaultMavenResourcesFiltering - skip non existing resourceDirectory C:\Users\Admin\JAVA MWF 8-00\SpringCore\src\main\resources
2026-07-23 15:40:17,292 [Worker-75: Building] INFO  o.a.m.s.f.DefaultMavenResourcesFiltering - skip non existing resourceDirectory C:\Users\Admin\JAVA MWF 8-00\SpringCore\src\test\resources
2026-07-23 15:40:18,349 [Worker-75: Building] INFO  o.a.m.s.f.DefaultMavenResourcesFiltering - skip non existing resourceDirectory C:\Users\Admin\JAVA MWF 8-00\SpringCore\src\main\resources
2026-07-23 15:40:18,350 [Worker-75: Building] INFO  o.a.m.s.f.DefaultMavenResourcesFiltering - skip non existing resourceDirectory C:\Users\Admin\JAVA MWF 8-00\SpringCore\src\test\resources
2026-07-23 15:40:19,993 [Worker-68: Building] INFO  o.a.m.s.f.DefaultMavenResourcesFiltering - skip non existing resourceDirectory C:\Users\Admin\JAVA MWF 8-00\SpringCore\src\main\resources
2026-07-23 15:40:19,994 [Worker-68: Building] INFO  o.a.m.s.f.DefaultMavenResourcesFiltering - skip non existing resourceDirectory C:\Users\Admin\JAVA MWF 8-00\SpringCore\src\test\resources
2026-07-23 15:40:27,630 [Worker-76: Building] INFO  o.a.m.s.f.DefaultMavenResourcesFiltering - skip non existing resourceDirectory C:\Users\Admin\JAVA MWF 8-00\SpringCore\src\main\resources
2026-07-23 15:40:27,631 [Worker-76: Building] INFO  o.a.m.s.f.DefaultMavenResourcesFiltering - skip non existing resourceDirectory C:\Users\Admin\JAVA MWF 8-00\SpringCore\src\test\resources
2026-07-23 15:41:10,443 [Worker-74: Building] INFO  o.a.m.s.f.DefaultMavenResourcesFiltering - skip non existing resourceDirectory C:\Users\Admin\JAVA MWF 8-00\SpringCore\src\main\resources
2026-07-23 15:41:10,445 [Worker-74: Building] INFO  o.a.m.s.f.DefaultMavenResourcesFiltering - skip non existing resourceDirectory C:\Users\Admin\JAVA MWF 8-00\SpringCore\src\test\resources
2026-07-23 15:41:38,019 [Worker-75: Building] INFO  o.a.m.s.f.DefaultMavenResourcesFiltering - skip non existing resourceDirectory C:\Users\Admin\JAVA MWF 8-00\SpringCore\src\main\resources
2026-07-23 15:41:38,021 [Worker-75: Building] INFO  o.a.m.s.f.DefaultMavenResourcesFiltering - skip non existing resourceDirectory C:\Users\Admin\JAVA MWF 8-00\SpringCore\src\test\resources
2026-07-23 15:42:48,409 [Worker-76: Building] INFO  o.a.m.s.f.DefaultMavenResourcesFiltering - skip non existing resourceDirectory C:\Users\Admin\JAVA MWF 8-00\SpringCore\src\main\resources
2026-07-23 15:42:48,410 [Worker-76: Building] INFO  o.a.m.s.f.DefaultMavenResourcesFiltering - skip non existing resourceDirectory C:\Users\Admin\JAVA MWF 8-00\SpringCore\src\test\resources
2026-07-23 15:42:49,425 [Worker-68: Building] INFO  o.a.m.s.f.DefaultMavenResourcesFiltering - skip non existing resourceDirectory C:\Users\Admin\JAVA MWF 8-00\SpringCore\src\main\resources
2026-07-23 15:42:49,426 [Worker-68: Building] INFO  o.a.m.s.f.DefaultMavenResourcesFiltering - skip non existing resourceDirectory C:\Users\Admin\JAVA MWF 8-00\SpringCore\src\test\resources
2026-07-23 15:42:53,476 [Worker-77: Building] INFO  o.a.m.s.f.DefaultMavenResourcesFiltering - skip non existing resourceDirectory C:\Users\Admin\JAVA MWF 8-00\SpringCore\src\main\resources
2026-07-23 15:42:53,477 [Worker-77: Building] INFO  o.a.m.s.f.DefaultMavenResourcesFiltering - skip non existing resourceDirectory C:\Users\Admin\JAVA MWF 8-00\SpringCore\src\test\resources
2026-07-23 15:43:37,417 [Worker-49: Building] INFO  o.a.m.s.f.DefaultMavenResourcesFiltering - skip non existing resourceDirectory C:\Users\Admin\JAVA MWF 8-00\SpringCore\src\main\resources
2026-07-23 15:43:37,418 [Worker-49: Building] INFO  o.a.m.s.f.DefaultMavenResourcesFiltering - skip non existing resourceDirectory C:\Users\Admin\JAVA MWF 8-00\SpringCore\src\test\resources
2026-07-23 15:43:50,550 [Worker-76: Building] INFO  o.a.m.s.f.DefaultMavenResourcesFiltering - skip non existing resourceDirectory C:\Users\Admin\JAVA MWF 8-00\SpringCore\src\main\resources
2026-07-23 15:43:50,552 [Worker-76: Building] INFO  o.a.m.s.f.DefaultMavenResourcesFiltering - skip non existing resourceDirectory C:\Users\Admin\JAVA MWF 8-00\SpringCore\src\test\resources
2026-07-23 15:44:14,497 [Worker-76: Building] INFO  o.a.m.s.f.DefaultMavenResourcesFiltering - skip non existing resourceDirectory C:\Users\Admin\JAVA MWF 8-00\SpringCore\src\main\resources
2026-07-23 15:44:14,499 [Worker-76: Building] INFO  o.a.m.s.f.DefaultMavenResourcesFiltering - skip non existing resourceDirectory C:\Users\Admin\JAVA MWF 8-00\SpringCore\src\test\resources
2026-07-23 15:44:42,273 [Worker-75: Building] INFO  o.a.m.s.f.DefaultMavenResourcesFiltering - skip non existing resourceDirectory C:\Users\Admin\JAVA MWF 8-00\SpringCore\src\main\resources
2026-07-23 15:44:42,274 [Worker-75: Building] INFO  o.a.m.s.f.DefaultMavenResourcesFiltering - skip non existing resourceDirectory C:\Users\Admin\JAVA MWF 8-00\SpringCore\src\test\resources
2026-07-23 15:44:44,016 [Worker-49: Building] INFO  o.a.m.s.f.DefaultMavenResourcesFiltering - skip non existing resourceDirectory C:\Users\Admin\JAVA MWF 8-00\SpringCore\src\main\resources
2026-07-23 15:44:44,018 [Worker-49: Building] INFO  o.a.m.s.f.DefaultMavenResourcesFiltering - skip non existing resourceDirectory C:\Users\Admin\JAVA MWF 8-00\SpringCore\src\test\resources
2026-07-23 15:44:46,044 [Worker-49: Building] INFO  o.a.m.s.f.DefaultMavenResourcesFiltering - skip non existing resourceDirectory C:\Users\Admin\JAVA MWF 8-00\SpringCore\src\main\resources
2026-07-23 15:44:46,046 [Worker-49: Building] INFO  o.a.m.s.f.DefaultMavenResourcesFiltering - skip non existing resourceDirectory C:\Users\Admin\JAVA MWF 8-00\SpringCore\src\test\resources
2026-07-23 15:44:57,381 [Worker-49: Building] INFO  o.a.m.s.f.DefaultMavenResourcesFiltering - skip non existing resourceDirectory C:\Users\Admin\JAVA MWF 8-00\SpringCore\src\main\resources
2026-07-23 15:44:57,382 [Worker-49: Building] INFO  o.a.m.s.f.DefaultMavenResourcesFiltering - skip non existing resourceDirectory C:\Users\Admin\JAVA MWF 8-00\SpringCore\src\test\resources
2026-07-23 15:45:04,314 [Worker-68: Building] INFO  o.a.m.s.f.DefaultMavenResourcesFiltering - skip non existing resourceDirectory C:\Users\Admin\JAVA MWF 8-00\SpringCore\src\main\resources
2026-07-23 15:45:04,315 [Worker-68: Building] INFO  o.a.m.s.f.DefaultMavenResourcesFiltering - skip non existing resourceDirectory C:\Users\Admin\JAVA MWF 8-00\SpringCore\src\test\resources
2026-07-23 15:45:10,794 [Worker-75: Building] INFO  o.a.m.s.f.DefaultMavenResourcesFiltering - skip non existing resourceDirectory C:\Users\Admin\JAVA MWF 8-00\SpringCore\src\main\resources
2026-07-23 15:45:10,796 [Worker-75: Building] INFO  o.a.m.s.f.DefaultMavenResourcesFiltering - skip non existing resourceDirectory C:\Users\Admin\JAVA MWF 8-00\SpringCore\src\test\resources
2026-07-23 15:45:32,997 [Worker-49: Building] INFO  o.a.m.s.f.DefaultMavenResourcesFiltering - skip non existing resourceDirectory C:\Users\Admin\JAVA MWF 8-00\SpringCore\src\main\resources
2026-07-23 15:45:32,998 [Worker-49: Building] INFO  o.a.m.s.f.DefaultMavenResourcesFiltering - skip non existing resourceDirectory C:\Users\Admin\JAVA MWF 8-00\SpringCore\src\test\resources
2026-07-23 15:45:34,170 [Worker-68: Building] INFO  o.a.m.s.f.DefaultMavenResourcesFiltering - skip non existing resourceDirectory C:\Users\Admin\JAVA MWF 8-00\SpringCore\src\main\resources
2026-07-23 15:45:34,172 [Worker-68: Building] INFO  o.a.m.s.f.DefaultMavenResourcesFiltering - skip non existing resourceDirectory C:\Users\Admin\JAVA MWF 8-00\SpringCore\src\test\resources
2026-07-23 15:46:16,908 [Worker-49: Building] INFO  o.a.m.s.f.DefaultMavenResourcesFiltering - skip non existing resourceDirectory C:\Users\Admin\JAVA MWF 8-00\SpringCore\src\main\resources
2026-07-23 15:46:16,910 [Worker-49: Building] INFO  o.a.m.s.f.DefaultMavenResourcesFiltering - skip non existing resourceDirectory C:\Users\Admin\JAVA MWF 8-00\SpringCore\src\test\resources
2026-07-23 15:46:59,384 [Worker-49: Building] INFO  o.a.m.s.f.DefaultMavenResourcesFiltering - skip non existing resourceDirectory C:\Users\Admin\JAVA MWF 8-00\SpringCore\src\main\resources
2026-07-23 15:46:59,385 [Worker-49: Building] INFO  o.a.m.s.f.DefaultMavenResourcesFiltering - skip non existing resourceDirectory C:\Users\Admin\JAVA MWF 8-00\SpringCore\src\test\resources
2026-07-23 15:47:21,294 [Worker-74: Building] INFO  o.a.m.s.f.DefaultMavenResourcesFiltering - skip non existing resourceDirectory C:\Users\Admin\JAVA MWF 8-00\SpringCore\src\main\resources
2026-07-23 15:47:21,296 [Worker-74: Building] INFO  o.a.m.s.f.DefaultMavenResourcesFiltering - skip non existing resourceDirectory C:\Users\Admin\JAVA MWF 8-00\SpringCore\src\test\resources
2026-07-23 15:47:22,407 [Worker-49: Building] INFO  o.a.m.s.f.DefaultMavenResourcesFiltering - skip non existing resourceDirectory C:\Users\Admin\JAVA MWF 8-00\SpringCore\src\main\resources
2026-07-23 15:47:22,408 [Worker-49: Building] INFO  o.a.m.s.f.DefaultMavenResourcesFiltering - skip non existing resourceDirectory C:\Users\Admin\JAVA MWF 8-00\SpringCore\src\test\resources
2026-07-23 15:47:50,628 [Worker-75: Building] INFO  o.a.m.s.f.DefaultMavenResourcesFiltering - skip non existing resourceDirectory C:\Users\Admin\JAVA MWF 8-00\SpringCore\src\main\resources
2026-07-23 15:47:50,629 [Worker-75: Building] INFO  o.a.m.s.f.DefaultMavenResourcesFiltering - skip non existing resourceDirectory C:\Users\Admin\JAVA MWF 8-00\SpringCore\src\test\resources
2026-07-23 15:48:00,461 [Worker-74: Building] INFO  o.a.m.s.f.DefaultMavenResourcesFiltering - skip non existing resourceDirectory C:\Users\Admin\JAVA MWF 8-00\SpringCore\src\main\resources
2026-07-23 15:48:00,462 [Worker-74: Building] INFO  o.a.m.s.f.DefaultMavenResourcesFiltering - skip non existing resourceDirectory C:\Users\Admin\JAVA MWF 8-00\SpringCore\src\test\resources
2026-07-23 15:48:01,555 [Worker-77: Building] INFO  o.a.m.s.f.DefaultMavenResourcesFiltering - skip non existing resourceDirectory C:\Users\Admin\JAVA MWF 8-00\SpringCore\src\main\resources
2026-07-23 15:48:01,556 [Worker-77: Building] INFO  o.a.m.s.f.DefaultMavenResourcesFiltering - skip non existing resourceDirectory C:\Users\Admin\JAVA MWF 8-00\SpringCore\src\test\resources
2026-07-23 15:49:30,395 [Worker-75: Building] INFO  o.a.m.s.f.DefaultMavenResourcesFiltering - skip non existing resourceDirectory C:\Users\Admin\JAVA MWF 8-00\SpringCore\src\main\resources
2026-07-23 15:49:30,396 [Worker-75: Building] INFO  o.a.m.s.f.DefaultMavenResourcesFiltering - skip non existing resourceDirectory C:\Users\Admin\JAVA MWF 8-00\SpringCore\src\test\resources
2026-07-23 15:49:45,934 [Worker-75: Building] INFO  o.a.m.s.f.DefaultMavenResourcesFiltering - skip non existing resourceDirectory C:\Users\Admin\JAVA MWF 8-00\SpringCore\src\main\resources
2026-07-23 15:49:45,936 [Worker-75: Building] INFO  o.a.m.s.f.DefaultMavenResourcesFiltering - skip non existing resourceDirectory C:\Users\Admin\JAVA MWF 8-00\SpringCore\src\test\resources
2026-07-23 15:49:54,524 [Worker-68: Building] INFO  o.a.m.s.f.DefaultMavenResourcesFiltering - skip non existing resourceDirectory C:\Users\Admin\JAVA MWF 8-00\SpringCore\src\main\resources
2026-07-23 15:49:54,525 [Worker-68: Building] INFO  o.a.m.s.f.DefaultMavenResourcesFiltering - skip non existing resourceDirectory C:\Users\Admin\JAVA MWF 8-00\SpringCore\src\test\resources
2026-07-23 15:49:59,146 [Worker-75: Building] INFO  o.a.m.s.f.DefaultMavenResourcesFiltering - skip non existing resourceDirectory C:\Users\Admin\JAVA MWF 8-00\SpringCore\src\main\resources
2026-07-23 15:49:59,148 [Worker-75: Building] INFO  o.a.m.s.f.DefaultMavenResourcesFiltering - skip non existing resourceDirectory C:\Users\Admin\JAVA MWF 8-00\SpringCore\src\test\resources
2026-07-23 15:50:03,985 [Worker-78: Building] INFO  o.a.m.s.f.DefaultMavenResourcesFiltering - skip non existing resourceDirectory C:\Users\Admin\JAVA MWF 8-00\SpringCore\src\main\resources
2026-07-23 15:50:03,986 [Worker-78: Building] INFO  o.a.m.s.f.DefaultMavenResourcesFiltering - skip non existing resourceDirectory C:\Users\Admin\JAVA MWF 8-00\SpringCore\src\test\resources
2026-07-23 15:50:09,148 [Worker-68: Building] INFO  o.a.m.s.f.DefaultMavenResourcesFiltering - skip non existing resourceDirectory C:\Users\Admin\JAVA MWF 8-00\SpringCore\src\main\resources
2026-07-23 15:50:09,150 [Worker-68: Building] INFO  o.a.m.s.f.DefaultMavenResourcesFiltering - skip non existing resourceDirectory C:\Users\Admin\JAVA MWF 8-00\SpringCore\src\test\resources
2026-07-23 15:51:22,112 [Worker-81: Building] INFO  o.a.m.s.f.DefaultMavenResourcesFiltering - skip non existing resourceDirectory C:\Users\Admin\JAVA MWF 8-00\SpringCore\src\main\resources
2026-07-23 15:51:22,113 [Worker-81: Building] INFO  o.a.m.s.f.DefaultMavenResourcesFiltering - skip non existing resourceDirectory C:\Users\Admin\JAVA MWF 8-00\SpringCore\src\test\resources
2026-07-23 15:51:37,339 [Worker-81: Building] INFO  o.a.m.s.f.DefaultMavenResourcesFiltering - skip non existing resourceDirectory C:\Users\Admin\JAVA MWF 8-00\SpringCore\src\main\resources
2026-07-23 15:51:37,340 [Worker-81: Building] INFO  o.a.m.s.f.DefaultMavenResourcesFiltering - skip non existing resourceDirectory C:\Users\Admin\JAVA MWF 8-00\SpringCore\src\test\resources
2026-07-23 15:52:11,219 [Worker-80: Building] INFO  o.a.m.s.f.DefaultMavenResourcesFiltering - skip non existing resourceDirectory C:\Users\Admin\JAVA MWF 8-00\SpringCore\src\main\resources
2026-07-23 15:52:11,220 [Worker-80: Building] INFO  o.a.m.s.f.DefaultMavenResourcesFiltering - skip non existing resourceDirectory C:\Users\Admin\JAVA MWF 8-00\SpringCore\src\test\resources
2026-07-23 15:52:55,331 [Worker-79: Building] INFO  o.a.m.s.f.DefaultMavenResourcesFiltering - skip non existing resourceDirectory C:\Users\Admin\JAVA MWF 8-00\SpringCore\src\main\resources
2026-07-23 15:52:55,332 [Worker-79: Building] INFO  o.a.m.s.f.DefaultMavenResourcesFiltering - skip non existing resourceDirectory C:\Users\Admin\JAVA MWF 8-00\SpringCore\src\test\resources
2026-07-23 15:52:57,839 [Worker-81: Building] INFO  o.a.m.s.f.DefaultMavenResourcesFiltering - skip non existing resourceDirectory C:\Users\Admin\JAVA MWF 8-00\SpringCore\src\main\resources
2026-07-23 15:52:57,840 [Worker-81: Building] INFO  o.a.m.s.f.DefaultMavenResourcesFiltering - skip non existing resourceDirectory C:\Users\Admin\JAVA MWF 8-00\SpringCore\src\test\resources
2026-07-23 15:53:23,768 [Worker-78: Building] INFO  o.a.m.s.f.DefaultMavenResourcesFiltering - skip non existing resourceDirectory C:\Users\Admin\JAVA MWF 8-00\SpringCore\src\main\resources
2026-07-23 15:53:23,769 [Worker-78: Building] INFO  o.a.m.s.f.DefaultMavenResourcesFiltering - skip non existing resourceDirectory C:\Users\Admin\JAVA MWF 8-00\SpringCore\src\test\resources
2026-07-23 15:53:43,027 [Worker-81: Building] INFO  o.a.m.s.f.DefaultMavenResourcesFiltering - skip non existing resourceDirectory C:\Users\Admin\JAVA MWF 8-00\SpringCore\src\main\resources
2026-07-23 15:53:43,027 [Worker-81: Building] INFO  o.a.m.s.f.DefaultMavenResourcesFiltering - skip non existing resourceDirectory C:\Users\Admin\JAVA MWF 8-00\SpringCore\src\test\resources
2026-07-23 15:54:37,787 [Worker-79: Building] INFO  o.a.m.s.f.DefaultMavenResourcesFiltering - skip non existing resourceDirectory C:\Users\Admin\JAVA MWF 8-00\SpringCore\src\main\resources
2026-07-23 15:54:37,788 [Worker-79: Building] INFO  o.a.m.s.f.DefaultMavenResourcesFiltering - skip non existing resourceDirectory C:\Users\Admin\JAVA MWF 8-00\SpringCore\src\test\resources
2026-07-23 15:54:50,075 [Worker-80: Building] INFO  o.a.m.s.f.DefaultMavenResourcesFiltering - skip non existing resourceDirectory C:\Users\Admin\JAVA MWF 8-00\SpringCore\src\main\resources
2026-07-23 15:54:50,076 [Worker-80: Building] INFO  o.a.m.s.f.DefaultMavenResourcesFiltering - skip non existing resourceDirectory C:\Users\Admin\JAVA MWF 8-00\SpringCore\src\test\resources
2026-07-23 15:55:22,794 [Worker-81: Building] INFO  o.a.m.s.f.DefaultMavenResourcesFiltering - skip non existing resourceDirectory C:\Users\Admin\JAVA MWF 8-00\SpringCore\src\main\resources
2026-07-23 15:55:22,796 [Worker-81: Building] INFO  o.a.m.s.f.DefaultMavenResourcesFiltering - skip non existing resourceDirectory C:\Users\Admin\JAVA MWF 8-00\SpringCore\src\test\resources
2026-07-23 15:55:43,571 [Worker-81: Building] INFO  o.a.m.s.f.DefaultMavenResourcesFiltering - skip non existing resourceDirectory C:\Users\Admin\JAVA MWF 8-00\SpringCore\src\main\resources
2026-07-23 15:55:43,572 [Worker-81: Building] INFO  o.a.m.s.f.DefaultMavenResourcesFiltering - skip non existing resourceDirectory C:\Users\Admin\JAVA MWF 8-00\SpringCore\src\test\resources
2026-07-25 15:18:45,543 [Worker-8: Loading available Gradle versions] INFO  o.e.b.c.i.u.g.PublishedGradleVersions - Gradle version information cache is out-of-date. Trying to update.
2026-07-25 15:20:06,889 [Worker-24: Building] INFO  o.a.m.s.f.DefaultMavenResourcesFiltering - skip non existing resourceDirectory C:\Users\Admin\JAVA MWF 8-00\SpringCore\src\main\resources
2026-07-25 15:20:06,893 [Worker-24: Building] INFO  o.a.m.s.f.DefaultMavenResourcesFiltering - skip non existing resourceDirectory C:\Users\Admin\JAVA MWF 8-00\SpringCore\src\test\resources
2026-07-25 15:20:33,081 [Worker-4: Building] INFO  o.a.m.s.f.DefaultMavenResourcesFiltering - skip non existing resourceDirectory C:\Users\Admin\JAVA MWF 8-00\SpringCore\src\main\resources
2026-07-25 15:20:33,083 [Worker-4: Building] INFO  o.a.m.s.f.DefaultMavenResourcesFiltering - skip non existing resourceDirectory C:\Users\Admin\JAVA MWF 8-00\SpringCore\src\test\resources
2026-07-25 15:20:39,498 [Worker-2: Building] INFO  o.a.m.s.f.DefaultMavenResourcesFiltering - skip non existing resourceDirectory C:\Users\Admin\JAVA MWF 8-00\SpringCore\src\main\resources
2026-07-25 15:20:39,501 [Worker-2: Building] INFO  o.a.m.s.f.DefaultMavenResourcesFiltering - skip non existing resourceDirectory C:\Users\Admin\JAVA MWF 8-00\SpringCore\src\test\resources
2026-07-25 15:20:43,698 [Worker-0: Building] INFO  o.a.m.s.f.DefaultMavenResourcesFiltering - skip non existing resourceDirectory C:\Users\Admin\JAVA MWF 8-00\SpringCore\src\main\resources
2026-07-25 15:20:43,700 [Worker-0: Building] INFO  o.a.m.s.f.DefaultMavenResourcesFiltering - skip non existing resourceDirectory C:\Users\Admin\JAVA MWF 8-00\SpringCore\src\test\resources
2026-07-25 15:20:55,459 [Worker-9: Building] INFO  o.a.m.s.f.DefaultMavenResourcesFiltering - skip non existing resourceDirectory C:\Users\Admin\JAVA MWF 8-00\SpringCore\src\main\resources
2026-07-25 15:20:55,460 [Worker-9: Building] INFO  o.a.m.s.f.DefaultMavenResourcesFiltering - skip non existing resourceDirectory C:\Users\Admin\JAVA MWF 8-00\SpringCore\src\test\resources
2026-07-25 15:21:03,939 [Worker-8: Building] INFO  o.a.m.s.f.DefaultMavenResourcesFiltering - skip non existing resourceDirectory C:\Users\Admin\JAVA MWF 8-00\SpringCore\src\main\resources
2026-07-25 15:21:03,941 [Worker-8: Building] INFO  o.a.m.s.f.DefaultMavenResourcesFiltering - skip non existing resourceDirectory C:\Users\Admin\JAVA MWF 8-00\SpringCore\src\test\resources
2026-07-25 15:21:47,490 [Worker-15: Building] INFO  o.a.m.s.f.DefaultMavenResourcesFiltering - skip non existing resourceDirectory C:\Users\Admin\JAVA MWF 8-00\SpringCore\src\main\resources
2026-07-25 15:21:47,491 [Worker-15: Building] INFO  o.a.m.s.f.DefaultMavenResourcesFiltering - skip non existing resourceDirectory C:\Users\Admin\JAVA MWF 8-00\SpringCore\src\test\resources
2026-07-25 15:22:08,499 [Worker-23: Building] INFO  o.a.m.s.f.DefaultMavenResourcesFiltering - skip non existing resourceDirectory C:\Users\Admin\JAVA MWF 8-00\SpringCore\src\main\resources
2026-07-25 15:22:08,501 [Worker-23: Building] INFO  o.a.m.s.f.DefaultMavenResourcesFiltering - skip non existing resourceDirectory C:\Users\Admin\JAVA MWF 8-00\SpringCore\src\test\resources
2026-07-25 15:22:40,005 [Worker-20: Building] INFO  o.a.m.s.f.DefaultMavenResourcesFiltering - skip non existing resourceDirectory C:\Users\Admin\JAVA MWF 8-00\SpringCore\src\main\resources
2026-07-25 15:22:40,006 [Worker-20: Building] INFO  o.a.m.s.f.DefaultMavenResourcesFiltering - skip non existing resourceDirectory C:\Users\Admin\JAVA MWF 8-00\SpringCore\src\test\resources
2026-07-25 15:23:27,664 [Worker-27: Building] INFO  o.a.m.s.f.DefaultMavenResourcesFiltering - skip non existing resourceDirectory C:\Users\Admin\JAVA MWF 8-00\SpringCore\src\main\resources
2026-07-25 15:23:27,666 [Worker-27: Building] INFO  o.a.m.s.f.DefaultMavenResourcesFiltering - skip non existing resourceDirectory C:\Users\Admin\JAVA MWF 8-00\SpringCore\src\test\resources
2026-07-25 15:23:28,692 [Worker-13: Building] INFO  o.a.m.s.f.DefaultMavenResourcesFiltering - skip non existing resourceDirectory C:\Users\Admin\JAVA MWF 8-00\SpringCore\src\main\resources
2026-07-25 15:23:28,694 [Worker-13: Building] INFO  o.a.m.s.f.DefaultMavenResourcesFiltering - skip non existing resourceDirectory C:\Users\Admin\JAVA MWF 8-00\SpringCore\src\test\resources
2026-07-25 15:23:50,460 [Worker-7: Building] INFO  o.a.m.s.f.DefaultMavenResourcesFiltering - skip non existing resourceDirectory C:\Users\Admin\JAVA MWF 8-00\SpringCore\src\main\resources
2026-07-25 15:23:50,463 [Worker-7: Building] INFO  o.a.m.s.f.DefaultMavenResourcesFiltering - skip non existing resourceDirectory C:\Users\Admin\JAVA MWF 8-00\SpringCore\src\test\resources
2026-07-25 15:24:14,394 [Worker-22: Building] INFO  o.a.m.s.f.DefaultMavenResourcesFiltering - skip non existing resourceDirectory C:\Users\Admin\JAVA MWF 8-00\SpringCore\src\main\resources
2026-07-25 15:24:14,396 [Worker-22: Building] INFO  o.a.m.s.f.DefaultMavenResourcesFiltering - skip non existing resourceDirectory C:\Users\Admin\JAVA MWF 8-00\SpringCore\src\test\resources
2026-07-25 15:24:51,058 [Worker-11: Building] INFO  o.a.m.s.f.DefaultMavenResourcesFiltering - skip non existing resourceDirectory C:\Users\Admin\JAVA MWF 8-00\SpringCore\src\main\resources
2026-07-25 15:24:51,059 [Worker-11: Building] INFO  o.a.m.s.f.DefaultMavenResourcesFiltering - skip non existing resourceDirectory C:\Users\Admin\JAVA MWF 8-00\SpringCore\src\test\resources
2026-07-25 15:25:00,020 [Worker-24: Building] INFO  o.a.m.s.f.DefaultMavenResourcesFiltering - skip non existing resourceDirectory C:\Users\Admin\JAVA MWF 8-00\SpringCore\src\main\resources
2026-07-25 15:25:00,022 [Worker-24: Building] INFO  o.a.m.s.f.DefaultMavenResourcesFiltering - skip non existing resourceDirectory C:\Users\Admin\JAVA MWF 8-00\SpringCore\src\test\resources
2026-07-25 15:25:07,377 [Worker-22: Building] INFO  o.a.m.s.f.DefaultMavenResourcesFiltering - skip non existing resourceDirectory C:\Users\Admin\JAVA MWF 8-00\SpringCore\src\main\resources
2026-07-25 15:25:07,379 [Worker-22: Building] INFO  o.a.m.s.f.DefaultMavenResourcesFiltering - skip non existing resourceDirectory C:\Users\Admin\JAVA MWF 8-00\SpringCore\src\test\resources
2026-07-25 15:27:55,335 [Worker-18: Building] INFO  o.a.m.s.f.DefaultMavenResourcesFiltering - skip non existing resourceDirectory C:\Users\Admin\JAVA MWF 8-00\SpringCore\src\main\resources
2026-07-25 15:27:55,336 [Worker-18: Building] INFO  o.a.m.s.f.DefaultMavenResourcesFiltering - skip non existing resourceDirectory C:\Users\Admin\JAVA MWF 8-00\SpringCore\src\test\resources
2026-07-25 15:28:11,385 [Worker-31: Building] INFO  o.a.m.s.f.DefaultMavenResourcesFiltering - skip non existing resourceDirectory C:\Users\Admin\JAVA MWF 8-00\SpringCore\src\main\resources
2026-07-25 15:28:11,386 [Worker-31: Building] INFO  o.a.m.s.f.DefaultMavenResourcesFiltering - skip non existing resourceDirectory C:\Users\Admin\JAVA MWF 8-00\SpringCore\src\test\resources
2026-07-25 15:28:42,086 [Worker-30: Building] INFO  o.a.m.s.f.DefaultMavenResourcesFiltering - skip non existing resourceDirectory C:\Users\Admin\JAVA MWF 8-00\SpringCore\src\main\resources
2026-07-25 15:28:42,089 [Worker-30: Building] INFO  o.a.m.s.f.DefaultMavenResourcesFiltering - skip non existing resourceDirectory C:\Users\Admin\JAVA MWF 8-00\SpringCore\src\test\resources
2026-07-25 15:28:55,425 [Worker-18: Building] INFO  o.a.m.s.f.DefaultMavenResourcesFiltering - skip non existing resourceDirectory C:\Users\Admin\JAVA MWF 8-00\SpringCore\src\main\resources
2026-07-25 15:28:55,427 [Worker-18: Building] INFO  o.a.m.s.f.DefaultMavenResourcesFiltering - skip non existing resourceDirectory C:\Users\Admin\JAVA MWF 8-00\SpringCore\src\test\resources
2026-07-25 15:29:00,317 [Worker-3: Building] INFO  o.a.m.s.f.DefaultMavenResourcesFiltering - skip non existing resourceDirectory C:\Users\Admin\JAVA MWF 8-00\SpringCore\src\main\resources
2026-07-25 15:29:00,319 [Worker-3: Building] INFO  o.a.m.s.f.DefaultMavenResourcesFiltering - skip non existing resourceDirectory C:\Users\Admin\JAVA MWF 8-00\SpringCore\src\test\resources
2026-07-25 15:29:10,683 [Worker-29: Building] INFO  o.a.m.s.f.DefaultMavenResourcesFiltering - skip non existing resourceDirectory C:\Users\Admin\JAVA MWF 8-00\SpringCore\src\main\resources
2026-07-25 15:29:10,684 [Worker-29: Building] INFO  o.a.m.s.f.DefaultMavenResourcesFiltering - skip non existing resourceDirectory C:\Users\Admin\JAVA MWF 8-00\SpringCore\src\test\resources
2026-07-25 15:29:27,580 [Worker-31: Building] INFO  o.a.m.s.f.DefaultMavenResourcesFiltering - skip non existing resourceDirectory C:\Users\Admin\JAVA MWF 8-00\SpringCore\src\main\resources
2026-07-25 15:29:27,582 [Worker-31: Building] INFO  o.a.m.s.f.DefaultMavenResourcesFiltering - skip non existing resourceDirectory C:\Users\Admin\JAVA MWF 8-00\SpringCore\src\test\resources
2026-07-25 15:29:35,097 [Worker-33: Building] INFO  o.a.m.s.f.DefaultMavenResourcesFiltering - skip non existing resourceDirectory C:\Users\Admin\JAVA MWF 8-00\SpringCore\src\main\resources
2026-07-25 15:29:35,099 [Worker-33: Building] INFO  o.a.m.s.f.DefaultMavenResourcesFiltering - skip non existing resourceDirectory C:\Users\Admin\JAVA MWF 8-00\SpringCore\src\test\resources
2026-07-25 15:29:43,470 [Worker-29: Building] INFO  o.a.m.s.f.DefaultMavenResourcesFiltering - skip non existing resourceDirectory C:\Users\Admin\JAVA MWF 8-00\SpringCore\src\main\resources
2026-07-25 15:29:43,471 [Worker-29: Building] INFO  o.a.m.s.f.DefaultMavenResourcesFiltering - skip non existing resourceDirectory C:\Users\Admin\JAVA MWF 8-00\SpringCore\src\test\resources
2026-07-25 15:29:56,589 [Worker-32: Building] INFO  o.a.m.s.f.DefaultMavenResourcesFiltering - skip non existing resourceDirectory C:\Users\Admin\JAVA MWF 8-00\SpringCore\src\main\resources
2026-07-25 15:29:56,591 [Worker-32: Building] INFO  o.a.m.s.f.DefaultMavenResourcesFiltering - skip non existing resourceDirectory C:\Users\Admin\JAVA MWF 8-00\SpringCore\src\test\resources
2026-07-25 15:30:37,284 [Worker-0: Building] INFO  o.a.m.s.f.DefaultMavenResourcesFiltering - skip non existing resourceDirectory C:\Users\Admin\JAVA MWF 8-00\SpringCore\src\main\resources
2026-07-25 15:30:37,285 [Worker-0: Building] INFO  o.a.m.s.f.DefaultMavenResourcesFiltering - skip non existing resourceDirectory C:\Users\Admin\JAVA MWF 8-00\SpringCore\src\test\resources
2026-07-25 15:31:58,176 [Worker-33: Building] INFO  o.a.m.s.f.DefaultMavenResourcesFiltering - skip non existing resourceDirectory C:\Users\Admin\JAVA MWF 8-00\SpringCore\src\main\resources
2026-07-25 15:31:58,177 [Worker-33: Building] INFO  o.a.m.s.f.DefaultMavenResourcesFiltering - skip non existing resourceDirectory C:\Users\Admin\JAVA MWF 8-00\SpringCore\src\test\resources
2026-07-25 15:32:17,748 [Worker-34: Building] INFO  o.a.m.s.f.DefaultMavenResourcesFiltering - skip non existing resourceDirectory C:\Users\Admin\JAVA MWF 8-00\SpringCore\src\main\resources
2026-07-25 15:32:17,749 [Worker-34: Building] INFO  o.a.m.s.f.DefaultMavenResourcesFiltering - skip non existing resourceDirectory C:\Users\Admin\JAVA MWF 8-00\SpringCore\src\test\resources
2026-07-25 15:32:29,366 [Worker-34: Building] INFO  o.a.m.s.f.DefaultMavenResourcesFiltering - skip non existing resourceDirectory C:\Users\Admin\JAVA MWF 8-00\SpringCore\src\main\resources
2026-07-25 15:32:29,369 [Worker-34: Building] INFO  o.a.m.s.f.DefaultMavenResourcesFiltering - skip non existing resourceDirectory C:\Users\Admin\JAVA MWF 8-00\SpringCore\src\test\resources
2026-07-25 15:32:37,846 [Worker-35: Building] INFO  o.a.m.s.f.DefaultMavenResourcesFiltering - skip non existing resourceDirectory C:\Users\Admin\JAVA MWF 8-00\SpringCore\src\main\resources
2026-07-25 15:32:37,847 [Worker-35: Building] INFO  o.a.m.s.f.DefaultMavenResourcesFiltering - skip non existing resourceDirectory C:\Users\Admin\JAVA MWF 8-00\SpringCore\src\test\resources
2026-07-25 15:32:38,866 [Worker-34: Building] INFO  o.a.m.s.f.DefaultMavenResourcesFiltering - skip non existing resourceDirectory C:\Users\Admin\JAVA MWF 8-00\SpringCore\src\main\resources
2026-07-25 15:32:38,867 [Worker-34: Building] INFO  o.a.m.s.f.DefaultMavenResourcesFiltering - skip non existing resourceDirectory C:\Users\Admin\JAVA MWF 8-00\SpringCore\src\test\resources
2026-07-25 15:33:48,536 [Worker-32: Building] INFO  o.a.m.s.f.DefaultMavenResourcesFiltering - skip non existing resourceDirectory C:\Users\Admin\JAVA MWF 8-00\SpringCore\src\main\resources
2026-07-25 15:33:48,537 [Worker-32: Building] INFO  o.a.m.s.f.DefaultMavenResourcesFiltering - skip non existing resourceDirectory C:\Users\Admin\JAVA MWF 8-00\SpringCore\src\test\resources
2026-07-25 15:34:19,147 [Worker-18: Building] INFO  o.a.m.s.f.DefaultMavenResourcesFiltering - skip non existing resourceDirectory C:\Users\Admin\JAVA MWF 8-00\SpringCore\src\main\resources
2026-07-25 15:34:19,148 [Worker-18: Building] INFO  o.a.m.s.f.DefaultMavenResourcesFiltering - skip non existing resourceDirectory C:\Users\Admin\JAVA MWF 8-00\SpringCore\src\test\resources
2026-07-25 15:34:20,244 [Worker-34: Building] INFO  o.a.m.s.f.DefaultMavenResourcesFiltering - skip non existing resourceDirectory C:\Users\Admin\JAVA MWF 8-00\SpringCore\src\main\resources
2026-07-25 15:34:20,245 [Worker-34: Building] INFO  o.a.m.s.f.DefaultMavenResourcesFiltering - skip non existing resourceDirectory C:\Users\Admin\JAVA MWF 8-00\SpringCore\src\test\resources
2026-07-25 15:35:30,461 [Worker-30: Building] INFO  o.a.m.s.f.DefaultMavenResourcesFiltering - skip non existing resourceDirectory C:\Users\Admin\JAVA MWF 8-00\SpringCore\src\main\resources
2026-07-25 15:35:30,462 [Worker-30: Building] INFO  o.a.m.s.f.DefaultMavenResourcesFiltering - skip non existing resourceDirectory C:\Users\Admin\JAVA MWF 8-00\SpringCore\src\test\resources
2026-07-25 15:35:44,606 [Worker-32: Building] INFO  o.a.m.s.f.DefaultMavenResourcesFiltering - skip non existing resourceDirectory C:\Users\Admin\JAVA MWF 8-00\SpringCore\src\main\resources
2026-07-25 15:35:44,609 [Worker-32: Building] INFO  o.a.m.s.f.DefaultMavenResourcesFiltering - skip non existing resourceDirectory C:\Users\Admin\JAVA MWF 8-00\SpringCore\src\test\resources
2026-07-25 15:36:12,467 [Worker-18: Building] INFO  o.a.m.s.f.DefaultMavenResourcesFiltering - skip non existing resourceDirectory C:\Users\Admin\JAVA MWF 8-00\SpringCore\src\main\resources
2026-07-25 15:36:12,468 [Worker-18: Building] INFO  o.a.m.s.f.DefaultMavenResourcesFiltering - skip non existing resourceDirectory C:\Users\Admin\JAVA MWF 8-00\SpringCore\src\test\resources
2026-07-25 15:36:13,490 [Worker-34: Building] INFO  o.a.m.s.f.DefaultMavenResourcesFiltering - skip non existing resourceDirectory C:\Users\Admin\JAVA MWF 8-00\SpringCore\src\main\resources
2026-07-25 15:36:13,491 [Worker-34: Building] INFO  o.a.m.s.f.DefaultMavenResourcesFiltering - skip non existing resourceDirectory C:\Users\Admin\JAVA MWF 8-00\SpringCore\src\test\resources
2026-07-25 15:36:28,248 [Worker-35: Building] INFO  o.a.m.s.f.DefaultMavenResourcesFiltering - skip non existing resourceDirectory C:\Users\Admin\JAVA MWF 8-00\SpringCore\src\main\resources
2026-07-25 15:36:28,249 [Worker-35: Building] INFO  o.a.m.s.f.DefaultMavenResourcesFiltering - skip non existing resourceDirectory C:\Users\Admin\JAVA MWF 8-00\SpringCore\src\test\resources
2026-07-25 15:36:48,389 [Worker-31: Building] INFO  o.a.m.s.f.DefaultMavenResourcesFiltering - skip non existing resourceDirectory C:\Users\Admin\JAVA MWF 8-00\SpringCore\src\main\resources
2026-07-25 15:36:48,391 [Worker-31: Building] INFO  o.a.m.s.f.DefaultMavenResourcesFiltering - skip non existing resourceDirectory C:\Users\Admin\JAVA MWF 8-00\SpringCore\src\test\resources
2026-07-25 15:36:55,224 [Worker-35: Building] INFO  o.a.m.s.f.DefaultMavenResourcesFiltering - skip non existing resourceDirectory C:\Users\Admin\JAVA MWF 8-00\SpringCore\src\main\resources
2026-07-25 15:36:55,226 [Worker-35: Building] INFO  o.a.m.s.f.DefaultMavenResourcesFiltering - skip non existing resourceDirectory C:\Users\Admin\JAVA MWF 8-00\SpringCore\src\test\resources
2026-07-25 15:37:05,026 [Worker-30: Building] INFO  o.a.m.s.f.DefaultMavenResourcesFiltering - skip non existing resourceDirectory C:\Users\Admin\JAVA MWF 8-00\SpringCore\src\main\resources
2026-07-25 15:37:05,028 [Worker-30: Building] INFO  o.a.m.s.f.DefaultMavenResourcesFiltering - skip non existing resourceDirectory C:\Users\Admin\JAVA MWF 8-00\SpringCore\src\test\resources
2026-07-25 15:37:34,349 [Worker-30: Building] INFO  o.a.m.s.f.DefaultMavenResourcesFiltering - skip non existing resourceDirectory C:\Users\Admin\JAVA MWF 8-00\SpringCore\src\main\resources
2026-07-25 15:37:34,351 [Worker-30: Building] INFO  o.a.m.s.f.DefaultMavenResourcesFiltering - skip non existing resourceDirectory C:\Users\Admin\JAVA MWF 8-00\SpringCore\src\test\resources
2026-07-25 15:37:43,580 [Worker-31: Building] INFO  o.a.m.s.f.DefaultMavenResourcesFiltering - skip non existing resourceDirectory C:\Users\Admin\JAVA MWF 8-00\SpringCore\src\main\resources
2026-07-25 15:37:43,583 [Worker-31: Building] INFO  o.a.m.s.f.DefaultMavenResourcesFiltering - skip non existing resourceDirectory C:\Users\Admin\JAVA MWF 8-00\SpringCore\src\test\resources
2026-07-25 15:37:55,239 [Worker-34: Building] INFO  o.a.m.s.f.DefaultMavenResourcesFiltering - skip non existing resourceDirectory C:\Users\Admin\JAVA MWF 8-00\SpringCore\src\main\resources
2026-07-25 15:37:55,241 [Worker-34: Building] INFO  o.a.m.s.f.DefaultMavenResourcesFiltering - skip non existing resourceDirectory C:\Users\Admin\JAVA MWF 8-00\SpringCore\src\test\resources
2026-07-25 15:37:59,533 [Worker-32: Building] INFO  o.a.m.s.f.DefaultMavenResourcesFiltering - skip non existing resourceDirectory C:\Users\Admin\JAVA MWF 8-00\SpringCore\src\main\resources
2026-07-25 15:37:59,534 [Worker-32: Building] INFO  o.a.m.s.f.DefaultMavenResourcesFiltering - skip non existing resourceDirectory C:\Users\Admin\JAVA MWF 8-00\SpringCore\src\test\resources
2026-07-25 15:38:21,271 [Worker-34: Building] INFO  o.a.m.s.f.DefaultMavenResourcesFiltering - skip non existing resourceDirectory C:\Users\Admin\JAVA MWF 8-00\SpringCore\src\main\resources
2026-07-25 15:38:21,273 [Worker-34: Building] INFO  o.a.m.s.f.DefaultMavenResourcesFiltering - skip non existing resourceDirectory C:\Users\Admin\JAVA MWF 8-00\SpringCore\src\test\resources
2026-07-25 15:38:37,629 [Worker-30: Building] INFO  o.a.m.s.f.DefaultMavenResourcesFiltering - skip non existing resourceDirectory C:\Users\Admin\JAVA MWF 8-00\SpringCore\src\main\resources
2026-07-25 15:38:37,631 [Worker-30: Building] INFO  o.a.m.s.f.DefaultMavenResourcesFiltering - skip non existing resourceDirectory C:\Users\Admin\JAVA MWF 8-00\SpringCore\src\test\resources
2026-07-25 15:38:45,737 [Worker-30: Building] INFO  o.a.m.s.f.DefaultMavenResourcesFiltering - skip non existing resourceDirectory C:\Users\Admin\JAVA MWF 8-00\SpringCore\src\main\resources
2026-07-25 15:38:45,739 [Worker-30: Building] INFO  o.a.m.s.f.DefaultMavenResourcesFiltering - skip non existing resourceDirectory C:\Users\Admin\JAVA MWF 8-00\SpringCore\src\test\resources
2026-07-25 15:38:56,685 [Worker-31: Building] INFO  o.a.m.s.f.DefaultMavenResourcesFiltering - skip non existing resourceDirectory C:\Users\Admin\JAVA MWF 8-00\SpringCore\src\main\resources
2026-07-25 15:38:56,687 [Worker-31: Building] INFO  o.a.m.s.f.DefaultMavenResourcesFiltering - skip non existing resourceDirectory C:\Users\Admin\JAVA MWF 8-00\SpringCore\src\test\resources
2026-07-25 15:39:36,291 [Worker-33: Building] INFO  o.a.m.s.f.DefaultMavenResourcesFiltering - skip non existing resourceDirectory C:\Users\Admin\JAVA MWF 8-00\SpringCore\src\main\resources
2026-07-25 15:39:36,292 [Worker-33: Building] INFO  o.a.m.s.f.DefaultMavenResourcesFiltering - skip non existing resourceDirectory C:\Users\Admin\JAVA MWF 8-00\SpringCore\src\test\resources
2026-07-25 15:39:53,814 [Worker-33: Building] INFO  o.a.m.s.f.DefaultMavenResourcesFiltering - skip non existing resourceDirectory C:\Users\Admin\JAVA MWF 8-00\SpringCore\src\main\resources
2026-07-25 15:39:53,816 [Worker-33: Building] INFO  o.a.m.s.f.DefaultMavenResourcesFiltering - skip non existing resourceDirectory C:\Users\Admin\JAVA MWF 8-00\SpringCore\src\test\resources
2026-07-25 15:40:01,341 [Worker-30: Building] INFO  o.a.m.s.f.DefaultMavenResourcesFiltering - skip non existing resourceDirectory C:\Users\Admin\JAVA MWF 8-00\SpringCore\src\main\resources
2026-07-25 15:40:01,343 [Worker-30: Building] INFO  o.a.m.s.f.DefaultMavenResourcesFiltering - skip non existing resourceDirectory C:\Users\Admin\JAVA MWF 8-00\SpringCore\src\test\resources
2026-07-25 15:40:14,759 [Worker-18: Building] INFO  o.a.m.s.f.DefaultMavenResourcesFiltering - skip non existing resourceDirectory C:\Users\Admin\JAVA MWF 8-00\SpringCore\src\main\resources
2026-07-25 15:40:14,760 [Worker-18: Building] INFO  o.a.m.s.f.DefaultMavenResourcesFiltering - skip non existing resourceDirectory C:\Users\Admin\JAVA MWF 8-00\SpringCore\src\test\resources
2026-07-25 15:40:52,962 [Worker-0: Building] INFO  o.a.m.s.f.DefaultMavenResourcesFiltering - skip non existing resourceDirectory C:\Users\Admin\JAVA MWF 8-00\SpringCore\src\main\resources
2026-07-25 15:40:52,964 [Worker-0: Building] INFO  o.a.m.s.f.DefaultMavenResourcesFiltering - skip non existing resourceDirectory C:\Users\Admin\JAVA MWF 8-00\SpringCore\src\test\resources
2026-07-25 15:40:53,985 [Worker-0: Building] INFO  o.a.m.s.f.DefaultMavenResourcesFiltering - skip non existing resourceDirectory C:\Users\Admin\JAVA MWF 8-00\SpringCore\src\main\resources
2026-07-25 15:40:53,986 [Worker-0: Building] INFO  o.a.m.s.f.DefaultMavenResourcesFiltering - skip non existing resourceDirectory C:\Users\Admin\JAVA MWF 8-00\SpringCore\src\test\resources
2026-07-25 15:41:12,104 [Worker-31: Building] INFO  o.a.m.s.f.DefaultMavenResourcesFiltering - skip non existing resourceDirectory C:\Users\Admin\JAVA MWF 8-00\SpringCore\src\main\resources
2026-07-25 15:41:12,106 [Worker-31: Building] INFO  o.a.m.s.f.DefaultMavenResourcesFiltering - skip non existing resourceDirectory C:\Users\Admin\JAVA MWF 8-00\SpringCore\src\test\resources
2026-07-25 15:41:18,874 [Worker-34: Building] INFO  o.a.m.s.f.DefaultMavenResourcesFiltering - skip non existing resourceDirectory C:\Users\Admin\JAVA MWF 8-00\SpringCore\src\main\resources
2026-07-25 15:41:18,875 [Worker-34: Building] INFO  o.a.m.s.f.DefaultMavenResourcesFiltering - skip non existing resourceDirectory C:\Users\Admin\JAVA MWF 8-00\SpringCore\src\test\resources
2026-07-25 15:41:41,807 [Worker-33: Building] INFO  o.a.m.s.f.DefaultMavenResourcesFiltering - skip non existing resourceDirectory C:\Users\Admin\JAVA MWF 8-00\SpringCore\src\main\resources
2026-07-25 15:41:41,808 [Worker-33: Building] INFO  o.a.m.s.f.DefaultMavenResourcesFiltering - skip non existing resourceDirectory C:\Users\Admin\JAVA MWF 8-00\SpringCore\src\test\resources
2026-07-25 15:41:55,884 [Worker-31: Building] INFO  o.a.m.s.f.DefaultMavenResourcesFiltering - skip non existing resourceDirectory C:\Users\Admin\JAVA MWF 8-00\SpringCore\src\main\resources
2026-07-25 15:41:55,885 [Worker-31: Building] INFO  o.a.m.s.f.DefaultMavenResourcesFiltering - skip non existing resourceDirectory C:\Users\Admin\JAVA MWF 8-00\SpringCore\src\test\resources
2026-07-25 15:41:56,915 [Worker-0: Building] INFO  o.a.m.s.f.DefaultMavenResourcesFiltering - skip non existing resourceDirectory C:\Users\Admin\JAVA MWF 8-00\SpringCore\src\main\resources
2026-07-25 15:41:56,917 [Worker-0: Building] INFO  o.a.m.s.f.DefaultMavenResourcesFiltering - skip non existing resourceDirectory C:\Users\Admin\JAVA MWF 8-00\SpringCore\src\test\resources
2026-07-25 15:42:20,148 [Worker-31: Building] INFO  o.a.m.s.f.DefaultMavenResourcesFiltering - skip non existing resourceDirectory C:\Users\Admin\JAVA MWF 8-00\SpringCore\src\main\resources
2026-07-25 15:42:20,149 [Worker-31: Building] INFO  o.a.m.s.f.DefaultMavenResourcesFiltering - skip non existing resourceDirectory C:\Users\Admin\JAVA MWF 8-00\SpringCore\src\test\resources
2026-07-25 15:42:30,286 [Worker-30: Building] INFO  o.a.m.s.f.DefaultMavenResourcesFiltering - skip non existing resourceDirectory C:\Users\Admin\JAVA MWF 8-00\SpringCore\src\main\resources
2026-07-25 15:42:30,289 [Worker-30: Building] INFO  o.a.m.s.f.DefaultMavenResourcesFiltering - skip non existing resourceDirectory C:\Users\Admin\JAVA MWF 8-00\SpringCore\src\test\resources
2026-07-25 15:42:35,309 [Worker-31: Building] INFO  o.a.m.s.f.DefaultMavenResourcesFiltering - skip non existing resourceDirectory C:\Users\Admin\JAVA MWF 8-00\SpringCore\src\main\resources
2026-07-25 15:42:35,311 [Worker-31: Building] INFO  o.a.m.s.f.DefaultMavenResourcesFiltering - skip non existing resourceDirectory C:\Users\Admin\JAVA MWF 8-00\SpringCore\src\test\resources
2026-07-25 15:43:00,817 [Worker-34: Building] INFO  o.a.m.s.f.DefaultMavenResourcesFiltering - skip non existing resourceDirectory C:\Users\Admin\JAVA MWF 8-00\SpringCore\src\main\resources
2026-07-25 15:43:00,819 [Worker-34: Building] INFO  o.a.m.s.f.DefaultMavenResourcesFiltering - skip non existing resourceDirectory C:\Users\Admin\JAVA MWF 8-00\SpringCore\src\test\resources
2026-07-25 15:43:07,656 [Worker-0: Building] INFO  o.a.m.s.f.DefaultMavenResourcesFiltering - skip non existing resourceDirectory C:\Users\Admin\JAVA MWF 8-00\SpringCore\src\main\resources
2026-07-25 15:43:07,657 [Worker-0: Building] INFO  o.a.m.s.f.DefaultMavenResourcesFiltering - skip non existing resourceDirectory C:\Users\Admin\JAVA MWF 8-00\SpringCore\src\test\resources
2026-07-25 15:43:08,684 [Worker-32: Building] INFO  o.a.m.s.f.DefaultMavenResourcesFiltering - skip non existing resourceDirectory C:\Users\Admin\JAVA MWF 8-00\SpringCore\src\main\resources
2026-07-25 15:43:08,685 [Worker-32: Building] INFO  o.a.m.s.f.DefaultMavenResourcesFiltering - skip non existing resourceDirectory C:\Users\Admin\JAVA MWF 8-00\SpringCore\src\test\resources
2026-07-25 15:43:09,833 [Worker-32: Building] INFO  o.a.m.s.f.DefaultMavenResourcesFiltering - skip non existing resourceDirectory C:\Users\Admin\JAVA MWF 8-00\SpringCore\src\main\resources
2026-07-25 15:43:09,835 [Worker-32: Building] INFO  o.a.m.s.f.DefaultMavenResourcesFiltering - skip non existing resourceDirectory C:\Users\Admin\JAVA MWF 8-00\SpringCore\src\test\resources
2026-07-25 15:43:11,034 [Worker-34: Building] INFO  o.a.m.s.f.DefaultMavenResourcesFiltering - skip non existing resourceDirectory C:\Users\Admin\JAVA MWF 8-00\SpringCore\src\main\resources
2026-07-25 15:43:11,035 [Worker-34: Building] INFO  o.a.m.s.f.DefaultMavenResourcesFiltering - skip non existing resourceDirectory C:\Users\Admin\JAVA MWF 8-00\SpringCore\src\test\resources
2026-07-25 15:43:20,351 [Worker-0: Building] INFO  o.a.m.s.f.DefaultMavenResourcesFiltering - skip non existing resourceDirectory C:\Users\Admin\JAVA MWF 8-00\SpringCore\src\main\resources
2026-07-25 15:43:20,352 [Worker-0: Building] INFO  o.a.m.s.f.DefaultMavenResourcesFiltering - skip non existing resourceDirectory C:\Users\Admin\JAVA MWF 8-00\SpringCore\src\test\resources
2026-07-25 15:44:01,411 [Worker-30: Building] INFO  o.a.m.s.f.DefaultMavenResourcesFiltering - skip non existing resourceDirectory C:\Users\Admin\JAVA MWF 8-00\SpringCore\src\main\resources
2026-07-25 15:44:01,412 [Worker-30: Building] INFO  o.a.m.s.f.DefaultMavenResourcesFiltering - skip non existing resourceDirectory C:\Users\Admin\JAVA MWF 8-00\SpringCore\src\test\resources
2026-07-25 15:44:12,620 [Worker-32: Building] INFO  o.a.m.s.f.DefaultMavenResourcesFiltering - skip non existing resourceDirectory C:\Users\Admin\JAVA MWF 8-00\SpringCore\src\main\resources
2026-07-25 15:44:12,621 [Worker-32: Building] INFO  o.a.m.s.f.DefaultMavenResourcesFiltering - skip non existing resourceDirectory C:\Users\Admin\JAVA MWF 8-00\SpringCore\src\test\resources
2026-07-25 15:44:25,526 [Worker-34: Building] INFO  o.a.m.s.f.DefaultMavenResourcesFiltering - skip non existing resourceDirectory C:\Users\Admin\JAVA MWF 8-00\SpringCore\src\main\resources
2026-07-25 15:44:25,527 [Worker-34: Building] INFO  o.a.m.s.f.DefaultMavenResourcesFiltering - skip non existing resourceDirectory C:\Users\Admin\JAVA MWF 8-00\SpringCore\src\test\resources
2026-07-25 15:44:34,476 [Worker-32: Building] INFO  o.a.m.s.f.DefaultMavenResourcesFiltering - skip non existing resourceDirectory C:\Users\Admin\JAVA MWF 8-00\SpringCore\src\main\resources
2026-07-25 15:44:34,477 [Worker-32: Building] INFO  o.a.m.s.f.DefaultMavenResourcesFiltering - skip non existing resourceDirectory C:\Users\Admin\JAVA MWF 8-00\SpringCore\src\test\resources
2026-07-25 15:47:22,702 [Worker-35: Building] INFO  o.a.m.s.f.DefaultMavenResourcesFiltering - skip non existing resourceDirectory C:\Users\Admin\JAVA MWF 8-00\SpringCore\src\main\resources
2026-07-25 15:47:22,703 [Worker-35: Building] INFO  o.a.m.s.f.DefaultMavenResourcesFiltering - skip non existing resourceDirectory C:\Users\Admin\JAVA MWF 8-00\SpringCore\src\test\resources
2026-07-25 15:47:38,298 [Worker-33: Building] INFO  o.a.m.s.f.DefaultMavenResourcesFiltering - skip non existing resourceDirectory C:\Users\Admin\JAVA MWF 8-00\SpringCore\src\main\resources
2026-07-25 15:47:38,299 [Worker-33: Building] INFO  o.a.m.s.f.DefaultMavenResourcesFiltering - skip non existing resourceDirectory C:\Users\Admin\JAVA MWF 8-00\SpringCore\src\test\resources
2026-07-25 15:47:43,800 [Worker-31: Building] INFO  o.a.m.s.f.DefaultMavenResourcesFiltering - skip non existing resourceDirectory C:\Users\Admin\JAVA MWF 8-00\SpringCore\src\main\resources
2026-07-25 15:47:43,801 [Worker-31: Building] INFO  o.a.m.s.f.DefaultMavenResourcesFiltering - skip non existing resourceDirectory C:\Users\Admin\JAVA MWF 8-00\SpringCore\src\test\resources
2026-07-25 15:47:46,136 [Worker-31: Building] INFO  o.a.m.s.f.DefaultMavenResourcesFiltering - skip non existing resourceDirectory C:\Users\Admin\JAVA MWF 8-00\SpringCore\src\main\resources
2026-07-25 15:47:46,138 [Worker-31: Building] INFO  o.a.m.s.f.DefaultMavenResourcesFiltering - skip non existing resourceDirectory C:\Users\Admin\JAVA MWF 8-00\SpringCore\src\test\resources
2026-07-25 15:48:27,240 [Worker-31: Building] INFO  o.a.m.s.f.DefaultMavenResourcesFiltering - skip non existing resourceDirectory C:\Users\Admin\JAVA MWF 8-00\SpringCore\src\main\resources
2026-07-25 15:48:27,242 [Worker-31: Building] INFO  o.a.m.s.f.DefaultMavenResourcesFiltering - skip non existing resourceDirectory C:\Users\Admin\JAVA MWF 8-00\SpringCore\src\test\resources
2026-07-25 15:50:03,960 [Worker-0: Building] INFO  o.a.m.s.f.DefaultMavenResourcesFiltering - skip non existing resourceDirectory C:\Users\Admin\JAVA MWF 8-00\SpringCore\src\main\resources
2026-07-25 15:50:03,961 [Worker-0: Building] INFO  o.a.m.s.f.DefaultMavenResourcesFiltering - skip non existing resourceDirectory C:\Users\Admin\JAVA MWF 8-00\SpringCore\src\test\resources
2026-07-25 15:53:28,112 [Worker-37: Building] INFO  o.a.m.s.f.DefaultMavenResourcesFiltering - skip non existing resourceDirectory C:\Users\Admin\JAVA MWF 8-00\SpringCore\src\main\resources
2026-07-25 15:53:28,113 [Worker-37: Building] INFO  o.a.m.s.f.DefaultMavenResourcesFiltering - skip non existing resourceDirectory C:\Users\Admin\JAVA MWF 8-00\SpringCore\src\test\resources
2026-07-25 15:53:43,992 [Worker-33: Building Workspace] INFO  o.a.m.s.f.DefaultMavenResourcesFiltering - skip non existing resourceDirectory C:\Users\Admin\JAVA MWF 8-00\SpringCore\src\main\resources
2026-07-25 15:53:43,995 [Worker-33: Building Workspace] INFO  o.a.m.s.f.DefaultMavenResourcesFiltering - skip non existing resourceDirectory C:\Users\Admin\JAVA MWF 8-00\SpringCore\src\test\resources
2026-07-25 15:53:59,410 [Worker-37: Building] INFO  o.a.m.s.f.DefaultMavenResourcesFiltering - skip non existing resourceDirectory C:\Users\Admin\JAVA MWF 8-00\SpringCore\src\main\resources
2026-07-25 15:53:59,411 [Worker-37: Building] INFO  o.a.m.s.f.DefaultMavenResourcesFiltering - skip non existing resourceDirectory C:\Users\Admin\JAVA MWF 8-00\SpringCore\src\test\resources
2026-07-25 15:54:05,753 [Worker-33: Building] INFO  o.a.m.s.f.DefaultMavenResourcesFiltering - skip non existing resourceDirectory C:\Users\Admin\JAVA MWF 8-00\SpringCore\src\main\resources
2026-07-25 15:54:05,754 [Worker-33: Building] INFO  o.a.m.s.f.DefaultMavenResourcesFiltering - skip non existing resourceDirectory C:\Users\Admin\JAVA MWF 8-00\SpringCore\src\test\resources
2026-07-25 15:54:13,117 [Worker-33: Building] INFO  o.a.m.s.f.DefaultMavenResourcesFiltering - skip non existing resourceDirectory C:\Users\Admin\JAVA MWF 8-00\SpringCore\src\main\resources
2026-07-25 15:54:13,118 [Worker-33: Building] INFO  o.a.m.s.f.DefaultMavenResourcesFiltering - skip non existing resourceDirectory C:\Users\Admin\JAVA MWF 8-00\SpringCore\src\test\resources
2026-07-25 15:54:38,318 [Worker-34: Building] INFO  o.a.m.s.f.DefaultMavenResourcesFiltering - skip non existing resourceDirectory C:\Users\Admin\JAVA MWF 8-00\SpringCore\src\main\resources
2026-07-25 15:54:38,319 [Worker-34: Building] INFO  o.a.m.s.f.DefaultMavenResourcesFiltering - skip non existing resourceDirectory C:\Users\Admin\JAVA MWF 8-00\SpringCore\src\test\resources
2026-07-25 15:55:06,285 [Worker-38: Building] INFO  o.a.m.s.f.DefaultMavenResourcesFiltering - skip non existing resourceDirectory C:\Users\Admin\JAVA MWF 8-00\SpringCore\src\main\resources
2026-07-25 15:55:06,286 [Worker-38: Building] INFO  o.a.m.s.f.DefaultMavenResourcesFiltering - skip non existing resourceDirectory C:\Users\Admin\JAVA MWF 8-00\SpringCore\src\test\resources
2026-07-25 15:55:11,417 [Worker-36: Building] INFO  o.a.m.s.f.DefaultMavenResourcesFiltering - skip non existing resourceDirectory C:\Users\Admin\JAVA MWF 8-00\SpringCore\src\main\resources
2026-07-25 15:55:11,418 [Worker-36: Building] INFO  o.a.m.s.f.DefaultMavenResourcesFiltering - skip non existing resourceDirectory C:\Users\Admin\JAVA MWF 8-00\SpringCore\src\test\resources
2026-07-25 15:55:51,164 [Worker-39: Building] INFO  o.a.m.s.f.DefaultMavenResourcesFiltering - skip non existing resourceDirectory C:\Users\Admin\JAVA MWF 8-00\SpringCore\src\main\resources
2026-07-25 15:55:51,165 [Worker-39: Building] INFO  o.a.m.s.f.DefaultMavenResourcesFiltering - skip non existing resourceDirectory C:\Users\Admin\JAVA MWF 8-00\SpringCore\src\test\resources
2026-07-25 15:56:08,380 [Worker-34: Building] INFO  o.a.m.s.f.DefaultMavenResourcesFiltering - skip non existing resourceDirectory C:\Users\Admin\JAVA MWF 8-00\SpringCore\src\main\resources
2026-07-25 15:56:08,382 [Worker-34: Building] INFO  o.a.m.s.f.DefaultMavenResourcesFiltering - skip non existing resourceDirectory C:\Users\Admin\JAVA MWF 8-00\SpringCore\src\test\resources
2026-07-25 15:56:23,534 [Worker-39: Building] INFO  o.a.m.s.f.DefaultMavenResourcesFiltering - skip non existing resourceDirectory C:\Users\Admin\JAVA MWF 8-00\SpringCore\src\main\resources
2026-07-25 15:56:23,536 [Worker-39: Building] INFO  o.a.m.s.f.DefaultMavenResourcesFiltering - skip non existing resourceDirectory C:\Users\Admin\JAVA MWF 8-00\SpringCore\src\test\resources
2026-07-25 15:56:27,900 [Worker-36: Building] INFO  o.a.m.s.f.DefaultMavenResourcesFiltering - skip non existing resourceDirectory C:\Users\Admin\JAVA MWF 8-00\SpringCore\src\main\resources
2026-07-25 15:56:27,901 [Worker-36: Building] INFO  o.a.m.s.f.DefaultMavenResourcesFiltering - skip non existing resourceDirectory C:\Users\Admin\JAVA MWF 8-00\SpringCore\src\test\resources
2026-07-25 15:56:48,279 [Worker-34: Building] INFO  o.a.m.s.f.DefaultMavenResourcesFiltering - skip non existing resourceDirectory C:\Users\Admin\JAVA MWF 8-00\SpringCore\src\main\resources
2026-07-25 15:56:48,281 [Worker-34: Building] INFO  o.a.m.s.f.DefaultMavenResourcesFiltering - skip non existing resourceDirectory C:\Users\Admin\JAVA MWF 8-00\SpringCore\src\test\resources
2026-07-25 15:57:35,560 [Worker-34: Building] INFO  o.a.m.s.f.DefaultMavenResourcesFiltering - skip non existing resourceDirectory C:\Users\Admin\JAVA MWF 8-00\SpringCore\src\main\resources
2026-07-25 15:57:35,561 [Worker-34: Building] INFO  o.a.m.s.f.DefaultMavenResourcesFiltering - skip non existing resourceDirectory C:\Users\Admin\JAVA MWF 8-00\SpringCore\src\test\resources
2026-07-25 15:58:17,624 [Worker-37: Building] INFO  o.a.m.s.f.DefaultMavenResourcesFiltering - skip non existing resourceDirectory C:\Users\Admin\JAVA MWF 8-00\SpringCore\src\main\resources
2026-07-25 15:58:17,625 [Worker-37: Building] INFO  o.a.m.s.f.DefaultMavenResourcesFiltering - skip non existing resourceDirectory C:\Users\Admin\JAVA MWF 8-00\SpringCore\src\test\resources
2026-07-25 15:58:38,004 [Worker-36: Building] INFO  o.a.m.s.f.DefaultMavenResourcesFiltering - skip non existing resourceDirectory C:\Users\Admin\JAVA MWF 8-00\SpringCore\src\main\resources
2026-07-25 15:58:38,005 [Worker-36: Building] INFO  o.a.m.s.f.DefaultMavenResourcesFiltering - skip non existing resourceDirectory C:\Users\Admin\JAVA MWF 8-00\SpringCore\src\test\resources
2026-07-25 15:59:36,931 [Worker-37: Building] INFO  o.a.m.s.f.DefaultMavenResourcesFiltering - skip non existing resourceDirectory C:\Users\Admin\JAVA MWF 8-00\SpringCore\src\main\resources
2026-07-25 15:59:36,932 [Worker-37: Building] INFO  o.a.m.s.f.DefaultMavenResourcesFiltering - skip non existing resourceDirectory C:\Users\Admin\JAVA MWF 8-00\SpringCore\src\test\resources
2026-07-25 15:59:52,634 [Worker-39: Building] INFO  o.a.m.s.f.DefaultMavenResourcesFiltering - skip non existing resourceDirectory C:\Users\Admin\JAVA MWF 8-00\SpringCore\src\main\resources
2026-07-25 15:59:52,635 [Worker-39: Building] INFO  o.a.m.s.f.DefaultMavenResourcesFiltering - skip non existing resourceDirectory C:\Users\Admin\JAVA MWF 8-00\SpringCore\src\test\resources
2026-07-25 16:00:03,294 [Worker-34: Building] INFO  o.a.m.s.f.DefaultMavenResourcesFiltering - skip non existing resourceDirectory C:\Users\Admin\JAVA MWF 8-00\SpringCore\src\main\resources
2026-07-25 16:00:03,295 [Worker-34: Building] INFO  o.a.m.s.f.DefaultMavenResourcesFiltering - skip non existing resourceDirectory C:\Users\Admin\JAVA MWF 8-00\SpringCore\src\test\resources
2026-07-25 16:00:44,158 [Worker-33: Building] INFO  o.a.m.s.f.DefaultMavenResourcesFiltering - skip non existing resourceDirectory C:\Users\Admin\JAVA MWF 8-00\SpringCore\src\main\resources
2026-07-25 16:00:44,159 [Worker-33: Building] INFO  o.a.m.s.f.DefaultMavenResourcesFiltering - skip non existing resourceDirectory C:\Users\Admin\JAVA MWF 8-00\SpringCore\src\test\resources
2026-07-25 16:00:49,998 [Worker-38: Building] INFO  o.a.m.s.f.DefaultMavenResourcesFiltering - skip non existing resourceDirectory C:\Users\Admin\JAVA MWF 8-00\SpringCore\src\main\resources
2026-07-25 16:00:50,000 [Worker-38: Building] INFO  o.a.m.s.f.DefaultMavenResourcesFiltering - skip non existing resourceDirectory C:\Users\Admin\JAVA MWF 8-00\SpringCore\src\test\resources
2026-07-25 16:01:23,715 [Worker-39: Building] INFO  o.a.m.s.f.DefaultMavenResourcesFiltering - skip non existing resourceDirectory C:\Users\Admin\JAVA MWF 8-00\SpringCore\src\main\resources
2026-07-25 16:01:23,717 [Worker-39: Building] INFO  o.a.m.s.f.DefaultMavenResourcesFiltering - skip non existing resourceDirectory C:\Users\Admin\JAVA MWF 8-00\SpringCore\src\test\resources
2026-07-25 16:01:54,663 [Worker-34: Building] INFO  o.a.m.s.f.DefaultMavenResourcesFiltering - skip non existing resourceDirectory C:\Users\Admin\JAVA MWF 8-00\SpringCore\src\main\resources
2026-07-25 16:01:54,665 [Worker-34: Building] INFO  o.a.m.s.f.DefaultMavenResourcesFiltering - skip non existing resourceDirectory C:\Users\Admin\JAVA MWF 8-00\SpringCore\src\test\resources
2026-07-25 16:02:38,954 [Worker-37: Building] INFO  o.a.m.s.f.DefaultMavenResourcesFiltering - skip non existing resourceDirectory C:\Users\Admin\JAVA MWF 8-00\SpringCore\src\main\resources
2026-07-25 16:02:38,955 [Worker-37: Building] INFO  o.a.m.s.f.DefaultMavenResourcesFiltering - skip non existing resourceDirectory C:\Users\Admin\JAVA MWF 8-00\SpringCore\src\test\resources
2026-07-25 16:03:21,500 [Worker-37: Building] INFO  o.a.m.s.f.DefaultMavenResourcesFiltering - skip non existing resourceDirectory C:\Users\Admin\JAVA MWF 8-00\SpringCore\src\main\resources
2026-07-25 16:03:21,501 [Worker-37: Building] INFO  o.a.m.s.f.DefaultMavenResourcesFiltering - skip non existing resourceDirectory C:\Users\Admin\JAVA MWF 8-00\SpringCore\src\test\resources
2026-07-25 16:03:35,316 [Worker-39: Building] INFO  o.a.m.s.f.DefaultMavenResourcesFiltering - skip non existing resourceDirectory C:\Users\Admin\JAVA MWF 8-00\SpringCore\src\main\resources
2026-07-25 16:03:35,317 [Worker-39: Building] INFO  o.a.m.s.f.DefaultMavenResourcesFiltering - skip non existing resourceDirectory C:\Users\Admin\JAVA MWF 8-00\SpringCore\src\test\resources
2026-07-25 16:03:45,432 [Worker-38: Building] INFO  o.a.m.s.f.DefaultMavenResourcesFiltering - skip non existing resourceDirectory C:\Users\Admin\JAVA MWF 8-00\SpringCore\src\main\resources
2026-07-25 16:03:45,433 [Worker-38: Building] INFO  o.a.m.s.f.DefaultMavenResourcesFiltering - skip non existing resourceDirectory C:\Users\Admin\JAVA MWF 8-00\SpringCore\src\test\resources
2026-07-25 16:03:55,203 [Worker-37: Building] INFO  o.a.m.s.f.DefaultMavenResourcesFiltering - skip non existing resourceDirectory C:\Users\Admin\JAVA MWF 8-00\SpringCore\src\main\resources
2026-07-25 16:03:55,203 [Worker-37: Building] INFO  o.a.m.s.f.DefaultMavenResourcesFiltering - skip non existing resourceDirectory C:\Users\Admin\JAVA MWF 8-00\SpringCore\src\test\resources
2026-07-25 16:04:15,739 [Worker-36: Building] INFO  o.a.m.s.f.DefaultMavenResourcesFiltering - skip non existing resourceDirectory C:\Users\Admin\JAVA MWF 8-00\SpringCore\src\main\resources
2026-07-25 16:04:15,740 [Worker-36: Building] INFO  o.a.m.s.f.DefaultMavenResourcesFiltering - skip non existing resourceDirectory C:\Users\Admin\JAVA MWF 8-00\SpringCore\src\test\resources
2026-07-25 16:04:26,801 [Worker-38: Building] INFO  o.a.m.s.f.DefaultMavenResourcesFiltering - skip non existing resourceDirectory C:\Users\Admin\JAVA MWF 8-00\SpringCore\src\main\resources
2026-07-25 16:04:26,803 [Worker-38: Building] INFO  o.a.m.s.f.DefaultMavenResourcesFiltering - skip non existing resourceDirectory C:\Users\Admin\JAVA MWF 8-00\SpringCore\src\test\resources
2026-07-25 16:04:50,788 [Worker-37: Building] INFO  o.a.m.s.f.DefaultMavenResourcesFiltering - skip non existing resourceDirectory C:\Users\Admin\JAVA MWF 8-00\SpringCore\src\main\resources
2026-07-25 16:04:50,789 [Worker-37: Building] INFO  o.a.m.s.f.DefaultMavenResourcesFiltering - skip non existing resourceDirectory C:\Users\Admin\JAVA MWF 8-00\SpringCore\src\test\resources
2026-07-25 16:05:06,709 [Worker-38: Building] INFO  o.a.m.s.f.DefaultMavenResourcesFiltering - skip non existing resourceDirectory C:\Users\Admin\JAVA MWF 8-00\SpringCore\src\main\resources
2026-07-25 16:05:06,712 [Worker-38: Building] INFO  o.a.m.s.f.DefaultMavenResourcesFiltering - skip non existing resourceDirectory C:\Users\Admin\JAVA MWF 8-00\SpringCore\src\test\resources
2026-07-25 16:05:59,464 [Worker-36: Building] INFO  o.a.m.s.f.DefaultMavenResourcesFiltering - skip non existing resourceDirectory C:\Users\Admin\JAVA MWF 8-00\SpringCore\src\main\resources
2026-07-25 16:05:59,465 [Worker-36: Building] INFO  o.a.m.s.f.DefaultMavenResourcesFiltering - skip non existing resourceDirectory C:\Users\Admin\JAVA MWF 8-00\SpringCore\src\test\resources
2026-07-25 16:06:43,014 [Worker-33: Building] INFO  o.a.m.s.f.DefaultMavenResourcesFiltering - skip non existing resourceDirectory C:\Users\Admin\JAVA MWF 8-00\SpringCore\src\main\resources
2026-07-25 16:06:43,015 [Worker-33: Building] INFO  o.a.m.s.f.DefaultMavenResourcesFiltering - skip non existing resourceDirectory C:\Users\Admin\JAVA MWF 8-00\SpringCore\src\test\resources
2026-07-25 16:06:44,131 [Worker-34: Building] INFO  o.a.m.s.f.DefaultMavenResourcesFiltering - skip non existing resourceDirectory C:\Users\Admin\JAVA MWF 8-00\SpringCore\src\main\resources
2026-07-25 16:06:44,132 [Worker-34: Building] INFO  o.a.m.s.f.DefaultMavenResourcesFiltering - skip non existing resourceDirectory C:\Users\Admin\JAVA MWF 8-00\SpringCore\src\test\resources
2026-07-25 16:06:48,185 [Worker-40: Building] INFO  o.a.m.s.f.DefaultMavenResourcesFiltering - skip non existing resourceDirectory C:\Users\Admin\JAVA MWF 8-00\SpringCore\src\main\resources
2026-07-25 16:06:48,188 [Worker-40: Building] INFO  o.a.m.s.f.DefaultMavenResourcesFiltering - skip non existing resourceDirectory C:\Users\Admin\JAVA MWF 8-00\SpringCore\src\test\resources
2026-07-25 16:07:10,308 [Worker-34: Building] INFO  o.a.m.s.f.DefaultMavenResourcesFiltering - skip non existing resourceDirectory C:\Users\Admin\JAVA MWF 8-00\SpringCore\src\main\resources
2026-07-25 16:07:10,309 [Worker-34: Building] INFO  o.a.m.s.f.DefaultMavenResourcesFiltering - skip non existing resourceDirectory C:\Users\Admin\JAVA MWF 8-00\SpringCore\src\test\resources
2026-07-25 16:07:48,487 [Worker-38: Building] INFO  o.a.m.s.f.DefaultMavenResourcesFiltering - skip non existing resourceDirectory C:\Users\Admin\JAVA MWF 8-00\SpringCore\src\main\resources
2026-07-25 16:07:48,489 [Worker-38: Building] INFO  o.a.m.s.f.DefaultMavenResourcesFiltering - skip non existing resourceDirectory C:\Users\Admin\JAVA MWF 8-00\SpringCore\src\test\resources
2026-07-25 16:07:52,703 [Worker-38: Building] INFO  o.a.m.s.f.DefaultMavenResourcesFiltering - skip non existing resourceDirectory C:\Users\Admin\JAVA MWF 8-00\SpringCore\src\main\resources
2026-07-25 16:07:52,704 [Worker-38: Building] INFO  o.a.m.s.f.DefaultMavenResourcesFiltering - skip non existing resourceDirectory C:\Users\Admin\JAVA MWF 8-00\SpringCore\src\test\resources
2026-07-25 16:08:15,523 [Worker-38: Building] INFO  o.a.m.s.f.DefaultMavenResourcesFiltering - skip non existing resourceDirectory C:\Users\Admin\JAVA MWF 8-00\SpringCore\src\main\resources
2026-07-25 16:08:15,526 [Worker-38: Building] INFO  o.a.m.s.f.DefaultMavenResourcesFiltering - skip non existing resourceDirectory C:\Users\Admin\JAVA MWF 8-00\SpringCore\src\test\resources
2026-07-25 16:08:16,546 [Worker-38: Building] INFO  o.a.m.s.f.DefaultMavenResourcesFiltering - skip non existing resourceDirectory C:\Users\Admin\JAVA MWF 8-00\SpringCore\src\main\resources
2026-07-25 16:08:16,547 [Worker-38: Building] INFO  o.a.m.s.f.DefaultMavenResourcesFiltering - skip non existing resourceDirectory C:\Users\Admin\JAVA MWF 8-00\SpringCore\src\test\resources
2026-07-25 16:08:24,789 [Worker-36: Building] INFO  o.a.m.s.f.DefaultMavenResourcesFiltering - skip non existing resourceDirectory C:\Users\Admin\JAVA MWF 8-00\SpringCore\src\main\resources
2026-07-25 16:08:24,790 [Worker-36: Building] INFO  o.a.m.s.f.DefaultMavenResourcesFiltering - skip non existing resourceDirectory C:\Users\Admin\JAVA MWF 8-00\SpringCore\src\test\resources
2026-07-25 16:08:25,841 [Worker-34: Building] INFO  o.a.m.s.f.DefaultMavenResourcesFiltering - skip non existing resourceDirectory C:\Users\Admin\JAVA MWF 8-00\SpringCore\src\main\resources
2026-07-25 16:08:25,842 [Worker-34: Building] INFO  o.a.m.s.f.DefaultMavenResourcesFiltering - skip non existing resourceDirectory C:\Users\Admin\JAVA MWF 8-00\SpringCore\src\test\resources
2026-07-25 16:09:10,396 [Worker-33: Building] INFO  o.a.m.s.f.DefaultMavenResourcesFiltering - skip non existing resourceDirectory C:\Users\Admin\JAVA MWF 8-00\SpringCore\src\main\resources
2026-07-25 16:09:10,397 [Worker-33: Building] INFO  o.a.m.s.f.DefaultMavenResourcesFiltering - skip non existing resourceDirectory C:\Users\Admin\JAVA MWF 8-00\SpringCore\src\test\resources
2026-07-25 16:09:11,430 [Worker-39: Building] INFO  o.a.m.s.f.DefaultMavenResourcesFiltering - skip non existing resourceDirectory C:\Users\Admin\JAVA MWF 8-00\SpringCore\src\main\resources
2026-07-25 16:09:11,432 [Worker-39: Building] INFO  o.a.m.s.f.DefaultMavenResourcesFiltering - skip non existing resourceDirectory C:\Users\Admin\JAVA MWF 8-00\SpringCore\src\test\resources
2026-07-25 16:10:06,763 [Worker-36: Building] INFO  o.a.m.s.f.DefaultMavenResourcesFiltering - skip non existing resourceDirectory C:\Users\Admin\JAVA MWF 8-00\SpringCore\src\main\resources
2026-07-25 16:10:06,765 [Worker-36: Building] INFO  o.a.m.s.f.DefaultMavenResourcesFiltering - skip non existing resourceDirectory C:\Users\Admin\JAVA MWF 8-00\SpringCore\src\test\resources
2026-07-25 16:10:17,681 [Worker-34: Building] INFO  o.a.m.s.f.DefaultMavenResourcesFiltering - skip non existing resourceDirectory C:\Users\Admin\JAVA MWF 8-00\SpringCore\src\main\resources
2026-07-25 16:10:17,682 [Worker-34: Building] INFO  o.a.m.s.f.DefaultMavenResourcesFiltering - skip non existing resourceDirectory C:\Users\Admin\JAVA MWF 8-00\SpringCore\src\test\resources
2026-07-28 12:31:38,232 [Worker-6: Loading available Gradle versions] INFO  o.e.b.c.i.u.g.PublishedGradleVersions - Gradle version information cache is out-of-date. Trying to update.
2026-07-28 15:36:54,561 [Worker-2: Loading available Gradle versions] INFO  o.e.b.c.i.u.g.PublishedGradleVersions - Gradle version information cache is up-to-date. Trying to read.
2026-07-28 15:43:00,278 [Worker-16: Launching mavenrun-5e787685-8d56-46f4-a728-e7582754cd91] INFO  o.eclipse.m2e.core.internal.Bundles - getClasspathEntries(Bundle=org.eclipse.m2e.maven.runtime_3.9.700.20240602-2313 [642])
2026-07-28 15:43:00,280 [Worker-16: Launching mavenrun-5e787685-8d56-46f4-a728-e7582754cd91] INFO  o.eclipse.m2e.core.internal.Bundles - 	Entry: C:\Users\Admin\.p2\pool\plugins\org.eclipse.m2e.maven.runtime_3.9.700.20240602-2313
2026-07-28 15:43:00,281 [Worker-16: Launching mavenrun-5e787685-8d56-46f4-a728-e7582754cd91] INFO  o.eclipse.m2e.core.internal.Bundles - 	Entry: C:\Users\Admin\.p2\pool\plugins\org.eclipse.m2e.maven.runtime_3.9.700.20240602-2313\jars\aopalliance-1.0.jar
2026-07-28 15:43:00,281 [Worker-16: Launching mavenrun-5e787685-8d56-46f4-a728-e7582754cd91] INFO  o.eclipse.m2e.core.internal.Bundles - 	Entry: C:\Users\Admin\.p2\pool\plugins\org.eclipse.m2e.maven.runtime_3.9.700.20240602-2313\jars\guice-5.1.0.jar
2026-07-28 15:43:00,281 [Worker-16: Launching mavenrun-5e787685-8d56-46f4-a728-e7582754cd91] INFO  o.eclipse.m2e.core.internal.Bundles - 	Entry: C:\Users\Admin\.p2\pool\plugins\org.eclipse.m2e.maven.runtime_3.9.700.20240602-2313\jars\httpclient-4.5.14.jar
2026-07-28 15:43:00,281 [Worker-16: Launching mavenrun-5e787685-8d56-46f4-a728-e7582754cd91] INFO  o.eclipse.m2e.core.internal.Bundles - 	Entry: C:\Users\Admin\.p2\pool\plugins\org.eclipse.m2e.maven.runtime_3.9.700.20240602-2313\jars\httpcore-4.4.16.jar
2026-07-28 15:43:00,281 [Worker-16: Launching mavenrun-5e787685-8d56-46f4-a728-e7582754cd91] INFO  o.eclipse.m2e.core.internal.Bundles - 	Entry: C:\Users\Admin\.p2\pool\plugins\org.eclipse.m2e.maven.runtime_3.9.700.20240602-2313\jars\jansi-2.4.1.jar
2026-07-28 15:43:00,281 [Worker-16: Launching mavenrun-5e787685-8d56-46f4-a728-e7582754cd91] INFO  o.eclipse.m2e.core.internal.Bundles - 	Entry: C:\Users\Admin\.p2\pool\plugins\org.eclipse.m2e.maven.runtime_3.9.700.20240602-2313\jars\jcl-over-slf4j-1.7.36.jar
2026-07-28 15:43:00,281 [Worker-16: Launching mavenrun-5e787685-8d56-46f4-a728-e7582754cd91] INFO  o.eclipse.m2e.core.internal.Bundles - 	Entry: C:\Users\Admin\.p2\pool\plugins\org.eclipse.m2e.maven.runtime_3.9.700.20240602-2313\jars\maven-artifact-3.9.7.jar
2026-07-28 15:43:00,281 [Worker-16: Launching mavenrun-5e787685-8d56-46f4-a728-e7582754cd91] INFO  o.eclipse.m2e.core.internal.Bundles - 	Entry: C:\Users\Admin\.p2\pool\plugins\org.eclipse.m2e.maven.runtime_3.9.700.20240602-2313\jars\maven-builder-support-3.9.7.jar
2026-07-28 15:43:00,282 [Worker-16: Launching mavenrun-5e787685-8d56-46f4-a728-e7582754cd91] INFO  o.eclipse.m2e.core.internal.Bundles - 	Entry: C:\Users\Admin\.p2\pool\plugins\org.eclipse.m2e.maven.runtime_3.9.700.20240602-2313\jars\maven-compat-3.9.7.jar
2026-07-28 15:43:00,282 [Worker-16: Launching mavenrun-5e787685-8d56-46f4-a728-e7582754cd91] INFO  o.eclipse.m2e.core.internal.Bundles - 	Entry: C:\Users\Admin\.p2\pool\plugins\org.eclipse.m2e.maven.runtime_3.9.700.20240602-2313\jars\maven-core-3.9.7.jar
2026-07-28 15:43:00,282 [Worker-16: Launching mavenrun-5e787685-8d56-46f4-a728-e7582754cd91] INFO  o.eclipse.m2e.core.internal.Bundles - 	Entry: C:\Users\Admin\.p2\pool\plugins\org.eclipse.m2e.maven.runtime_3.9.700.20240602-2313\jars\maven-embedder-3.9.7.jar
2026-07-28 15:43:00,282 [Worker-16: Launching mavenrun-5e787685-8d56-46f4-a728-e7582754cd91] INFO  o.eclipse.m2e.core.internal.Bundles - 	Entry: C:\Users\Admin\.p2\pool\plugins\org.eclipse.m2e.maven.runtime_3.9.700.20240602-2313\jars\maven-model-3.9.7.jar
2026-07-28 15:43:00,282 [Worker-16: Launching mavenrun-5e787685-8d56-46f4-a728-e7582754cd91] INFO  o.eclipse.m2e.core.internal.Bundles - 	Entry: C:\Users\Admin\.p2\pool\plugins\org.eclipse.m2e.maven.runtime_3.9.700.20240602-2313\jars\maven-model-builder-3.9.7.jar
2026-07-28 15:43:00,282 [Worker-16: Launching mavenrun-5e787685-8d56-46f4-a728-e7582754cd91] INFO  o.eclipse.m2e.core.internal.Bundles - 	Entry: C:\Users\Admin\.p2\pool\plugins\org.eclipse.m2e.maven.runtime_3.9.700.20240602-2313\jars\maven-plugin-api-3.9.7.jar
2026-07-28 15:43:00,282 [Worker-16: Launching mavenrun-5e787685-8d56-46f4-a728-e7582754cd91] INFO  o.eclipse.m2e.core.internal.Bundles - 	Entry: C:\Users\Admin\.p2\pool\plugins\org.eclipse.m2e.maven.runtime_3.9.700.20240602-2313\jars\maven-repository-metadata-3.9.7.jar
2026-07-28 15:43:00,282 [Worker-16: Launching mavenrun-5e787685-8d56-46f4-a728-e7582754cd91] INFO  o.eclipse.m2e.core.internal.Bundles - 	Entry: C:\Users\Admin\.p2\pool\plugins\org.eclipse.m2e.maven.runtime_3.9.700.20240602-2313\jars\maven-resolver-api-1.9.20.jar
2026-07-28 15:43:00,283 [Worker-16: Launching mavenrun-5e787685-8d56-46f4-a728-e7582754cd91] INFO  o.eclipse.m2e.core.internal.Bundles - 	Entry: C:\Users\Admin\.p2\pool\plugins\org.eclipse.m2e.maven.runtime_3.9.700.20240602-2313\jars\maven-resolver-connector-basic-1.9.20.jar
2026-07-28 15:43:00,283 [Worker-16: Launching mavenrun-5e787685-8d56-46f4-a728-e7582754cd91] INFO  o.eclipse.m2e.core.internal.Bundles - 	Entry: C:\Users\Admin\.p2\pool\plugins\org.eclipse.m2e.maven.runtime_3.9.700.20240602-2313\jars\maven-resolver-impl-1.9.20.jar
2026-07-28 15:43:00,283 [Worker-16: Launching mavenrun-5e787685-8d56-46f4-a728-e7582754cd91] INFO  o.eclipse.m2e.core.internal.Bundles - 	Entry: C:\Users\Admin\.p2\pool\plugins\org.eclipse.m2e.maven.runtime_3.9.700.20240602-2313\jars\maven-resolver-named-locks-1.9.20.jar
2026-07-28 15:43:00,283 [Worker-16: Launching mavenrun-5e787685-8d56-46f4-a728-e7582754cd91] INFO  o.eclipse.m2e.core.internal.Bundles - 	Entry: C:\Users\Admin\.p2\pool\plugins\org.eclipse.m2e.maven.runtime_3.9.700.20240602-2313\jars\maven-resolver-provider-3.9.7.jar
2026-07-28 15:43:00,283 [Worker-16: Launching mavenrun-5e787685-8d56-46f4-a728-e7582754cd91] INFO  o.eclipse.m2e.core.internal.Bundles - 	Entry: C:\Users\Admin\.p2\pool\plugins\org.eclipse.m2e.maven.runtime_3.9.700.20240602-2313\jars\maven-resolver-spi-1.9.20.jar
2026-07-28 15:43:00,283 [Worker-16: Launching mavenrun-5e787685-8d56-46f4-a728-e7582754cd91] INFO  o.eclipse.m2e.core.internal.Bundles - 	Entry: C:\Users\Admin\.p2\pool\plugins\org.eclipse.m2e.maven.runtime_3.9.700.20240602-2313\jars\maven-resolver-transport-file-1.9.20.jar
2026-07-28 15:43:00,283 [Worker-16: Launching mavenrun-5e787685-8d56-46f4-a728-e7582754cd91] INFO  o.eclipse.m2e.core.internal.Bundles - 	Entry: C:\Users\Admin\.p2\pool\plugins\org.eclipse.m2e.maven.runtime_3.9.700.20240602-2313\jars\maven-resolver-transport-http-1.9.20.jar
2026-07-28 15:43:00,284 [Worker-16: Launching mavenrun-5e787685-8d56-46f4-a728-e7582754cd91] INFO  o.eclipse.m2e.core.internal.Bundles - 	Entry: C:\Users\Admin\.p2\pool\plugins\org.eclipse.m2e.maven.runtime_3.9.700.20240602-2313\jars\maven-resolver-transport-wagon-1.9.20.jar
2026-07-28 15:43:00,284 [Worker-16: Launching mavenrun-5e787685-8d56-46f4-a728-e7582754cd91] INFO  o.eclipse.m2e.core.internal.Bundles - 	Entry: C:\Users\Admin\.p2\pool\plugins\org.eclipse.m2e.maven.runtime_3.9.700.20240602-2313\jars\maven-resolver-util-1.9.20.jar
2026-07-28 15:43:00,284 [Worker-16: Launching mavenrun-5e787685-8d56-46f4-a728-e7582754cd91] INFO  o.eclipse.m2e.core.internal.Bundles - 	Entry: C:\Users\Admin\.p2\pool\plugins\org.eclipse.m2e.maven.runtime_3.9.700.20240602-2313\jars\maven-settings-3.9.7.jar
2026-07-28 15:43:00,284 [Worker-16: Launching mavenrun-5e787685-8d56-46f4-a728-e7582754cd91] INFO  o.eclipse.m2e.core.internal.Bundles - 	Entry: C:\Users\Admin\.p2\pool\plugins\org.eclipse.m2e.maven.runtime_3.9.700.20240602-2313\jars\maven-settings-builder-3.9.7.jar
2026-07-28 15:43:00,284 [Worker-16: Launching mavenrun-5e787685-8d56-46f4-a728-e7582754cd91] INFO  o.eclipse.m2e.core.internal.Bundles - 	Entry: C:\Users\Admin\.p2\pool\plugins\org.eclipse.m2e.maven.runtime_3.9.700.20240602-2313\jars\maven-shared-utils-3.4.2.jar
2026-07-28 15:43:00,284 [Worker-16: Launching mavenrun-5e787685-8d56-46f4-a728-e7582754cd91] INFO  o.eclipse.m2e.core.internal.Bundles - 	Entry: C:\Users\Admin\.p2\pool\plugins\org.eclipse.m2e.maven.runtime_3.9.700.20240602-2313\jars\org.eclipse.sisu.inject-0.9.0.M2.jar
2026-07-28 15:43:00,284 [Worker-16: Launching mavenrun-5e787685-8d56-46f4-a728-e7582754cd91] INFO  o.eclipse.m2e.core.internal.Bundles - 	Entry: C:\Users\Admin\.p2\pool\plugins\org.eclipse.m2e.maven.runtime_3.9.700.20240602-2313\jars\org.eclipse.sisu.plexus-0.9.0.M2.jar
2026-07-28 15:43:00,284 [Worker-16: Launching mavenrun-5e787685-8d56-46f4-a728-e7582754cd91] INFO  o.eclipse.m2e.core.internal.Bundles - 	Entry: C:\Users\Admin\.p2\pool\plugins\org.eclipse.m2e.maven.runtime_3.9.700.20240602-2313\jars\plexus-build-api-0.0.7.jar
2026-07-28 15:43:00,284 [Worker-16: Launching mavenrun-5e787685-8d56-46f4-a728-e7582754cd91] INFO  o.eclipse.m2e.core.internal.Bundles - 	Entry: C:\Users\Admin\.p2\pool\plugins\org.eclipse.m2e.maven.runtime_3.9.700.20240602-2313\jars\plexus-build-api-1.2.0.jar
2026-07-28 15:43:00,285 [Worker-16: Launching mavenrun-5e787685-8d56-46f4-a728-e7582754cd91] INFO  o.eclipse.m2e.core.internal.Bundles - 	Entry: C:\Users\Admin\.p2\pool\plugins\org.eclipse.m2e.maven.runtime_3.9.700.20240602-2313\jars\plexus-cipher-2.0.jar
2026-07-28 15:43:00,285 [Worker-16: Launching mavenrun-5e787685-8d56-46f4-a728-e7582754cd91] INFO  o.eclipse.m2e.core.internal.Bundles - 	Entry: C:\Users\Admin\.p2\pool\plugins\org.eclipse.m2e.maven.runtime_3.9.700.20240602-2313\jars\plexus-classworlds-2.8.0.jar
2026-07-28 15:43:00,285 [Worker-16: Launching mavenrun-5e787685-8d56-46f4-a728-e7582754cd91] INFO  o.eclipse.m2e.core.internal.Bundles - 	Entry: C:\Users\Admin\.p2\pool\plugins\org.eclipse.m2e.maven.runtime_3.9.700.20240602-2313\jars\plexus-component-annotations-2.1.0.jar
2026-07-28 15:43:00,285 [Worker-16: Launching mavenrun-5e787685-8d56-46f4-a728-e7582754cd91] INFO  o.eclipse.m2e.core.internal.Bundles - 	Entry: C:\Users\Admin\.p2\pool\plugins\org.eclipse.m2e.maven.runtime_3.9.700.20240602-2313\jars\plexus-interpolation-1.27.jar
2026-07-28 15:43:00,285 [Worker-16: Launching mavenrun-5e787685-8d56-46f4-a728-e7582754cd91] INFO  o.eclipse.m2e.core.internal.Bundles - 	Entry: C:\Users\Admin\.p2\pool\plugins\org.eclipse.m2e.maven.runtime_3.9.700.20240602-2313\jars\plexus-sec-dispatcher-2.0.jar
2026-07-28 15:43:00,285 [Worker-16: Launching mavenrun-5e787685-8d56-46f4-a728-e7582754cd91] INFO  o.eclipse.m2e.core.internal.Bundles - 	Entry: C:\Users\Admin\.p2\pool\plugins\org.eclipse.m2e.maven.runtime_3.9.700.20240602-2313\jars\plexus-utils-3.5.1.jar
2026-07-28 15:43:00,286 [Worker-16: Launching mavenrun-5e787685-8d56-46f4-a728-e7582754cd91] INFO  o.eclipse.m2e.core.internal.Bundles - 	Entry: C:\Users\Admin\.p2\pool\plugins\org.eclipse.m2e.maven.runtime_3.9.700.20240602-2313\jars\wagon-file-3.5.3.jar
2026-07-28 15:43:00,286 [Worker-16: Launching mavenrun-5e787685-8d56-46f4-a728-e7582754cd91] INFO  o.eclipse.m2e.core.internal.Bundles - 	Entry: C:\Users\Admin\.p2\pool\plugins\org.eclipse.m2e.maven.runtime_3.9.700.20240602-2313\jars\wagon-http-3.5.3.jar
2026-07-28 15:43:00,286 [Worker-16: Launching mavenrun-5e787685-8d56-46f4-a728-e7582754cd91] INFO  o.eclipse.m2e.core.internal.Bundles - 	Entry: C:\Users\Admin\.p2\pool\plugins\org.eclipse.m2e.maven.runtime_3.9.700.20240602-2313\jars\wagon-http-shared-3.5.3.jar
2026-07-28 15:43:00,286 [Worker-16: Launching mavenrun-5e787685-8d56-46f4-a728-e7582754cd91] INFO  o.eclipse.m2e.core.internal.Bundles - 	Entry: C:\Users\Admin\.p2\pool\plugins\org.eclipse.m2e.maven.runtime_3.9.700.20240602-2313\jars\wagon-provider-api-3.5.3.jar
2026-07-28 15:43:00,287 [Worker-16: Launching mavenrun-5e787685-8d56-46f4-a728-e7582754cd91] INFO  o.eclipse.m2e.core.internal.Bundles - getClasspathEntries(Bundle=com.google.guava_33.4.8.jre [1147])
2026-07-28 15:43:00,287 [Worker-16: Launching mavenrun-5e787685-8d56-46f4-a728-e7582754cd91] INFO  o.eclipse.m2e.core.internal.Bundles - 	Entry: C:\Users\Admin\.p2\pool\plugins\com.google.guava_33.4.8.jre.jar
2026-07-28 15:43:00,287 [Worker-16: Launching mavenrun-5e787685-8d56-46f4-a728-e7582754cd91] INFO  o.eclipse.m2e.core.internal.Bundles - getClasspathEntries(Bundle=slf4j.api_2.0.17 [1007])
2026-07-28 15:43:00,288 [Worker-16: Launching mavenrun-5e787685-8d56-46f4-a728-e7582754cd91] INFO  o.eclipse.m2e.core.internal.Bundles - 	Entry: C:\Users\Admin\.p2\pool\plugins\slf4j.api_2.0.17.jar
2026-07-28 15:43:00,288 [Worker-16: Launching mavenrun-5e787685-8d56-46f4-a728-e7582754cd91] INFO  o.eclipse.m2e.core.internal.Bundles - getClasspathEntries(Bundle=javax.inject_1.0.0.v20091030 [1223])
2026-07-28 15:43:00,288 [Worker-16: Launching mavenrun-5e787685-8d56-46f4-a728-e7582754cd91] INFO  o.eclipse.m2e.core.internal.Bundles - 	Entry: C:\Users\Admin\.p2\pool\plugins\javax.inject_1.0.0.v20091030.jar
2026-07-28 15:43:00,288 [Worker-16: Launching mavenrun-5e787685-8d56-46f4-a728-e7582754cd91] INFO  o.eclipse.m2e.core.internal.Bundles - getClasspathEntries(Bundle=javax.annotation_1.3.5.v20200909-1856 [44])
2026-07-28 15:43:00,288 [Worker-16: Launching mavenrun-5e787685-8d56-46f4-a728-e7582754cd91] INFO  o.eclipse.m2e.core.internal.Bundles - 	Entry: C:\Users\Admin\.p2\pool\plugins\javax.annotation_1.3.5.v20200909-1856.jar
2026-07-28 15:43:00,288 [Worker-16: Launching mavenrun-5e787685-8d56-46f4-a728-e7582754cd91] INFO  o.eclipse.m2e.core.internal.Bundles - getClasspathEntries(Bundle=org.apache.commons.cli_1.9.0 [1161])
2026-07-28 15:43:00,289 [Worker-16: Launching mavenrun-5e787685-8d56-46f4-a728-e7582754cd91] INFO  o.eclipse.m2e.core.internal.Bundles - 	Entry: C:\Users\Admin\.p2\pool\plugins\org.apache.commons.cli_1.9.0.jar
2026-07-28 15:43:00,289 [Worker-16: Launching mavenrun-5e787685-8d56-46f4-a728-e7582754cd91] INFO  o.eclipse.m2e.core.internal.Bundles - getClasspathEntries(Bundle=org.apache.commons.commons-codec_1.16.0 [81])
2026-07-28 15:43:00,289 [Worker-16: Launching mavenrun-5e787685-8d56-46f4-a728-e7582754cd91] INFO  o.eclipse.m2e.core.internal.Bundles - 	Entry: C:\Users\Admin\.p2\pool\plugins\org.apache.commons.commons-codec_1.16.0.jar
2026-07-28 15:43:00,289 [Worker-16: Launching mavenrun-5e787685-8d56-46f4-a728-e7582754cd91] INFO  o.eclipse.m2e.core.internal.Bundles - getClasspathEntries(Bundle=org.apache.commons.lang3_3.17.0 [1064])
2026-07-28 15:43:00,289 [Worker-16: Launching mavenrun-5e787685-8d56-46f4-a728-e7582754cd91] INFO  o.eclipse.m2e.core.internal.Bundles - 	Entry: C:\Users\Admin\.p2\pool\plugins\org.apache.commons.lang3_3.17.0.jar
2026-07-28 15:43:00,289 [Worker-16: Launching mavenrun-5e787685-8d56-46f4-a728-e7582754cd91] INFO  o.eclipse.m2e.core.internal.Bundles - getClasspathEntries(Bundle=com.google.guava.failureaccess_1.0.3 [1148])
2026-07-28 15:43:00,290 [Worker-16: Launching mavenrun-5e787685-8d56-46f4-a728-e7582754cd91] INFO  o.eclipse.m2e.core.internal.Bundles - 	Entry: C:\Users\Admin\.p2\pool\plugins\com.google.guava.failureaccess_1.0.3.jar
2026-07-28 15:43:00,293 [Worker-16: Launching mavenrun-5e787685-8d56-46f4-a728-e7582754cd91] INFO  o.e.m.i.launch.MavenLaunchDelegate - Run build in "C:\Users\Admin\AppData\Local\Temp\m2e-archetypeGenerator1321506216676255356":
2026-07-28 15:43:00,296 [Worker-16: Launching mavenrun-5e787685-8d56-46f4-a728-e7582754cd91] INFO  o.e.m.i.launch.MavenLaunchDelegate -  mvn  -DarchetypeGroupId=org.apache.maven.archetypes -DarchetypeArtifactId=maven-archetype-quickstart -DarchetypeVersion=1.1 -DgroupId=com.orm -DartifactId=SpringORM -Dversion=0.0.1-SNAPSHOT -Dpackage=com.orm -DoutputDirectory="C:\Users\Admin\JAVA MWF 8-00" -Dstyle.color=always -U archetype:generate
2026-07-28 15:43:06,306 [Worker-18: Creating maven-archetype-quickstart] INFO  o.e.m.c.i.p.ProjectConfigurationManager - Collecting project info '/pom.xml' C:\Users\Admin\JAVA MWF 8-00\SpringORM\pom.xml
2026-07-28 15:43:06,677 [Worker-18: Creating maven-archetype-quickstart] INFO  o.e.m.c.i.l.LifecycleMappingFactory - Using org.eclipse.m2e.jdt.JarLifecycleMapping lifecycle mapping for MavenProject: com.orm:SpringORM:0.0.1-SNAPSHOT @ C:\Users\Admin\JAVA MWF 8-00\SpringORM\pom.xml.
2026-07-28 15:43:07,209 [Worker-18: Creating maven-archetype-quickstart] INFO  o.e.m.j.i.AbstractJavaProjectConfigurator - Adding source folder /SpringORM/src/main/java
2026-07-28 15:43:07,211 [Worker-18: Creating maven-archetype-quickstart] INFO  o.e.m.j.i.AbstractJavaProjectConfigurator - Adding resource folder /SpringORM/src/main/resources
2026-07-28 15:43:07,215 [Worker-18: Creating maven-archetype-quickstart] INFO  o.e.m.j.i.AbstractJavaProjectConfigurator - Adding source folder /SpringORM/src/test/java
2026-07-28 15:43:07,216 [Worker-18: Creating maven-archetype-quickstart] INFO  o.e.m.j.i.AbstractJavaProjectConfigurator - Adding resource folder /SpringORM/src/test/resources
2026-07-28 15:43:07,324 [Worker-18: Creating maven-archetype-quickstart] INFO  o.e.m.c.i.p.ProjectConfigurationManager - Imported and configured 1 project(s) in 1 sec
2026-07-28 15:43:09,418 [Worker-18: Building] INFO  o.a.m.s.f.DefaultMavenResourcesFiltering - skip non existing resourceDirectory C:\Users\Admin\JAVA MWF 8-00\HibernateCore\src\main\resources
2026-07-28 15:43:09,424 [Worker-18: Building] INFO  o.a.m.s.f.DefaultMavenResourcesFiltering - skip non existing resourceDirectory C:\Users\Admin\JAVA MWF 8-00\HibernateCore\src\test\resources
2026-07-28 15:43:10,829 [Worker-18: Building] INFO  o.a.m.s.f.DefaultMavenResourcesFiltering - skip non existing resourceDirectory C:\Users\Admin\JAVA MWF 8-00\SpringCore\src\main\resources
2026-07-28 15:43:10,833 [Worker-18: Building] INFO  o.a.m.s.f.DefaultMavenResourcesFiltering - skip non existing resourceDirectory C:\Users\Admin\JAVA MWF 8-00\SpringCore\src\test\resources
2026-07-28 15:43:11,095 [Worker-18: Building] INFO  o.a.m.s.f.DefaultMavenResourcesFiltering - skip non existing resourceDirectory C:\Users\Admin\JAVA MWF 8-00\SpringORM\src\main\resources
2026-07-28 15:43:11,099 [Worker-18: Building] INFO  o.a.m.s.f.DefaultMavenResourcesFiltering - skip non existing resourceDirectory C:\Users\Admin\JAVA MWF 8-00\SpringORM\src\test\resources
2026-07-28 15:44:13,131 [Worker-22: Building] INFO  o.e.m.c.i.l.LifecycleMappingFactory - Using org.eclipse.m2e.jdt.JarLifecycleMapping lifecycle mapping for MavenProject: com.orm:SpringORM:0.0.1-SNAPSHOT @ C:\Users\Admin\JAVA MWF 8-00\SpringORM\pom.xml.
2026-07-28 15:44:13,428 [Worker-22: Building] INFO  o.e.m.c.i.e.AbstractTransferListenerAdapter - Downloading https://repo.maven.apache.org/maven2/org/springframework/spring-orm/7.0.8/spring-orm-7.0.8.pom
2026-07-28 15:44:13,445 [Worker-22: Building] INFO  o.e.m.c.i.e.AbstractTransferListenerAdapter - Downloaded https://repo.maven.apache.org/maven2/org/springframework/spring-orm/7.0.8/spring-orm-7.0.8.pom
2026-07-28 15:44:13,484 [Worker-22: Building] INFO  o.e.m.c.i.e.AbstractTransferListenerAdapter - Downloading https://repo.maven.apache.org/maven2/org/springframework/spring-jdbc/7.0.8/spring-jdbc-7.0.8.pom
2026-07-28 15:44:13,490 [Worker-22: Building] INFO  o.e.m.c.i.e.AbstractTransferListenerAdapter - Downloaded https://repo.maven.apache.org/maven2/org/springframework/spring-jdbc/7.0.8/spring-jdbc-7.0.8.pom
2026-07-28 15:44:13,523 [Worker-22: Building] INFO  o.e.m.c.i.e.AbstractTransferListenerAdapter - Downloading https://repo.maven.apache.org/maven2/org/springframework/spring-tx/7.0.8/spring-tx-7.0.8.pom
2026-07-28 15:44:13,528 [Worker-22: Building] INFO  o.e.m.c.i.e.AbstractTransferListenerAdapter - Downloaded https://repo.maven.apache.org/maven2/org/springframework/spring-tx/7.0.8/spring-tx-7.0.8.pom
2026-07-28 15:44:13,585 [Worker-22: Building] INFO  o.e.m.c.i.e.AbstractTransferListenerAdapter - Downloading https://repo.maven.apache.org/maven2/org/springframework/spring-orm/7.0.8/spring-orm-7.0.8.jar
2026-07-28 15:44:13,616 [Worker-22: Building] INFO  o.e.m.c.i.e.AbstractTransferListenerAdapter - Downloaded https://repo.maven.apache.org/maven2/org/springframework/spring-orm/7.0.8/spring-orm-7.0.8.jar
2026-07-28 15:44:13,641 [BasicRepositoryConnector-repo.maven.apache.org-0-0] INFO  o.e.m.c.i.e.AbstractTransferListenerAdapter - Downloading https://repo.maven.apache.org/maven2/org/springframework/spring-jdbc/7.0.8/spring-jdbc-7.0.8.jar
2026-07-28 15:44:13,674 [BasicRepositoryConnector-repo.maven.apache.org-0-1] INFO  o.e.m.c.i.e.AbstractTransferListenerAdapter - Downloading https://repo.maven.apache.org/maven2/org/springframework/spring-tx/7.0.8/spring-tx-7.0.8.jar
2026-07-28 15:44:13,677 [BasicRepositoryConnector-repo.maven.apache.org-0-0] INFO  o.e.m.c.i.e.AbstractTransferListenerAdapter - Downloaded https://repo.maven.apache.org/maven2/org/springframework/spring-jdbc/7.0.8/spring-jdbc-7.0.8.jar
2026-07-28 15:44:13,710 [BasicRepositoryConnector-repo.maven.apache.org-0-1] INFO  o.e.m.c.i.e.AbstractTransferListenerAdapter - Downloaded https://repo.maven.apache.org/maven2/org/springframework/spring-tx/7.0.8/spring-tx-7.0.8.jar
2026-07-28 15:44:13,796 [Worker-22: Building] INFO  o.a.m.s.f.DefaultMavenResourcesFiltering - skip non existing resourceDirectory C:\Users\Admin\JAVA MWF 8-00\SpringORM\src\main\resources
2026-07-28 15:44:13,798 [Worker-22: Building] INFO  o.a.m.s.f.DefaultMavenResourcesFiltering - skip non existing resourceDirectory C:\Users\Admin\JAVA MWF 8-00\SpringORM\src\test\resources
2026-07-28 15:44:14,909 [Worker-33: Download sources and javadoc] INFO  o.e.m.c.i.e.AbstractTransferListenerAdapter - Downloading https://repo.maven.apache.org/maven2/org/springframework/spring-orm/7.0.8/spring-orm-7.0.8-sources.jar
2026-07-28 15:44:15,073 [Worker-34: Building] INFO  o.a.m.s.f.DefaultMavenResourcesFiltering - skip non existing resourceDirectory C:\Users\Admin\JAVA MWF 8-00\SpringORM\src\main\resources
2026-07-28 15:44:15,076 [Worker-34: Building] INFO  o.a.m.s.f.DefaultMavenResourcesFiltering - skip non existing resourceDirectory C:\Users\Admin\JAVA MWF 8-00\SpringORM\src\test\resources
2026-07-28 15:44:15,318 [Worker-33: Download sources and javadoc] INFO  o.e.m.c.i.e.AbstractTransferListenerAdapter - Downloaded https://repo.maven.apache.org/maven2/org/springframework/spring-orm/7.0.8/spring-orm-7.0.8-sources.jar
2026-07-28 15:44:15,322 [Worker-33: Download sources and javadoc] INFO  o.e.m.j.internal.DownloadSourcesJob - Downloaded sources for org.springframework:spring-orm:7.0.8
2026-07-28 15:44:15,417 [Worker-33: Download sources and javadoc] INFO  o.e.m.c.i.e.AbstractTransferListenerAdapter - Downloading https://repo.maven.apache.org/maven2/org/springframework/spring-jdbc/7.0.8/spring-jdbc-7.0.8-sources.jar
2026-07-28 15:44:15,527 [Worker-33: Download sources and javadoc] INFO  o.e.m.c.i.e.AbstractTransferListenerAdapter - Downloaded https://repo.maven.apache.org/maven2/org/springframework/spring-jdbc/7.0.8/spring-jdbc-7.0.8-sources.jar
2026-07-28 15:44:15,531 [Worker-33: Download sources and javadoc] INFO  o.e.m.j.internal.DownloadSourcesJob - Downloaded sources for org.springframework:spring-jdbc:7.0.8
2026-07-28 15:44:15,603 [Worker-33: Download sources and javadoc] INFO  o.e.m.c.i.e.AbstractTransferListenerAdapter - Downloading https://repo.maven.apache.org/maven2/org/springframework/spring-tx/7.0.8/spring-tx-7.0.8-sources.jar
2026-07-28 15:44:15,659 [Worker-33: Download sources and javadoc] INFO  o.e.m.c.i.e.AbstractTransferListenerAdapter - Downloaded https://repo.maven.apache.org/maven2/org/springframework/spring-tx/7.0.8/spring-tx-7.0.8-sources.jar
2026-07-28 15:44:15,662 [Worker-33: Download sources and javadoc] INFO  o.e.m.j.internal.DownloadSourcesJob - Downloaded sources for org.springframework:spring-tx:7.0.8
2026-07-28 15:44:46,428 [Worker-16: Building] INFO  o.a.m.s.f.DefaultMavenResourcesFiltering - skip non existing resourceDirectory C:\Users\Admin\JAVA MWF 8-00\SpringORM\src\main\resources
2026-07-28 15:44:46,430 [Worker-16: Building] INFO  o.a.m.s.f.DefaultMavenResourcesFiltering - skip non existing resourceDirectory C:\Users\Admin\JAVA MWF 8-00\SpringORM\src\test\resources
2026-07-28 15:44:48,055 [Worker-32: Building] INFO  o.a.m.s.f.DefaultMavenResourcesFiltering - skip non existing resourceDirectory C:\Users\Admin\JAVA MWF 8-00\SpringORM\src\main\resources
2026-07-28 15:44:48,057 [Worker-32: Building] INFO  o.a.m.s.f.DefaultMavenResourcesFiltering - skip non existing resourceDirectory C:\Users\Admin\JAVA MWF 8-00\SpringORM\src\test\resources
2026-07-28 15:45:02,464 [Worker-32: Building] INFO  o.a.m.s.f.DefaultMavenResourcesFiltering - skip non existing resourceDirectory C:\Users\Admin\JAVA MWF 8-00\SpringORM\src\main\resources
2026-07-28 15:45:02,468 [Worker-32: Building] INFO  o.a.m.s.f.DefaultMavenResourcesFiltering - skip non existing resourceDirectory C:\Users\Admin\JAVA MWF 8-00\SpringORM\src\test\resources
2026-07-28 15:45:23,190 [Worker-35: Building] INFO  o.a.m.s.f.DefaultMavenResourcesFiltering - skip non existing resourceDirectory C:\Users\Admin\JAVA MWF 8-00\SpringORM\src\main\resources
2026-07-28 15:45:23,192 [Worker-35: Building] INFO  o.a.m.s.f.DefaultMavenResourcesFiltering - skip non existing resourceDirectory C:\Users\Admin\JAVA MWF 8-00\SpringORM\src\test\resources
2026-07-28 15:45:26,093 [Worker-18: Building] INFO  o.a.m.s.f.DefaultMavenResourcesFiltering - skip non existing resourceDirectory C:\Users\Admin\JAVA MWF 8-00\SpringORM\src\main\resources
2026-07-28 15:45:26,095 [Worker-18: Building] INFO  o.a.m.s.f.DefaultMavenResourcesFiltering - skip non existing resourceDirectory C:\Users\Admin\JAVA MWF 8-00\SpringORM\src\test\resources
2026-07-28 15:45:37,126 [Worker-13: Building] INFO  o.a.m.s.f.DefaultMavenResourcesFiltering - skip non existing resourceDirectory C:\Users\Admin\JAVA MWF 8-00\SpringORM\src\main\resources
2026-07-28 15:45:37,127 [Worker-13: Building] INFO  o.a.m.s.f.DefaultMavenResourcesFiltering - skip non existing resourceDirectory C:\Users\Admin\JAVA MWF 8-00\SpringORM\src\test\resources
2026-07-28 15:46:03,414 [Worker-33: Building] INFO  o.e.m.c.i.l.LifecycleMappingFactory - Using org.eclipse.m2e.jdt.JarLifecycleMapping lifecycle mapping for MavenProject: com.orm:SpringORM:0.0.1-SNAPSHOT @ C:\Users\Admin\JAVA MWF 8-00\SpringORM\pom.xml.
2026-07-28 15:46:03,655 [Worker-33: Building] INFO  o.a.m.s.f.DefaultMavenResourcesFiltering - skip non existing resourceDirectory C:\Users\Admin\JAVA MWF 8-00\SpringORM\src\main\resources
2026-07-28 15:46:03,657 [Worker-33: Building] INFO  o.a.m.s.f.DefaultMavenResourcesFiltering - skip non existing resourceDirectory C:\Users\Admin\JAVA MWF 8-00\SpringORM\src\test\resources
2026-07-28 15:46:04,801 [Worker-31: Building] INFO  o.a.m.s.f.DefaultMavenResourcesFiltering - skip non existing resourceDirectory C:\Users\Admin\JAVA MWF 8-00\SpringORM\src\main\resources
2026-07-28 15:46:04,802 [Worker-31: Building] INFO  o.a.m.s.f.DefaultMavenResourcesFiltering - skip non existing resourceDirectory C:\Users\Admin\JAVA MWF 8-00\SpringORM\src\test\resources
2026-07-28 15:46:09,438 [Start Help Server] INFO  org.eclipse.jetty.server.Server - jetty-12.0.9; built: 2024-05-03T13:03:17.262Z; git: efe8023327e67287f9bfd006700e6a71d45b5dd6; jvm 23.0.2+7-58
2026-07-28 15:46:09,478 [Start Help Server] INFO  o.e.j.server.handler.ContextHandler - Started oeje8n.ContextHandler$CoreContextHandler@9fe33bf{/help,/help,b=null,a=AVAILABLE,h=oeje8n.ContextHandler$CoreContextHandler$CoreToNestedHandler@52ba9bf3{STARTED}}
2026-07-28 15:46:09,479 [Start Help Server] INFO  o.e.j.s.DefaultSessionIdManager - Session workerName=node0
2026-07-28 15:46:09,490 [Start Help Server] INFO  o.e.jetty.server.AbstractConnector - Started ServerConnector@413b55c5{HTTP/1.1, (http/1.1)}{127.0.0.1:50534}
2026-07-28 15:46:09,501 [Start Help Server] INFO  org.eclipse.jetty.server.Server - Started oejs.Server@4b9e797c{STARTING}[12.0.9,sto=0] @574499ms
2026-07-28 15:46:14,696 [Worker-30: Building] INFO  o.a.m.s.f.DefaultMavenResourcesFiltering - skip non existing resourceDirectory C:\Users\Admin\JAVA MWF 8-00\SpringORM\src\main\resources
2026-07-28 15:46:14,698 [Worker-30: Building] INFO  o.a.m.s.f.DefaultMavenResourcesFiltering - skip non existing resourceDirectory C:\Users\Admin\JAVA MWF 8-00\SpringORM\src\test\resources
2026-07-28 15:46:39,642 [Worker-18: Building] INFO  o.a.m.s.f.DefaultMavenResourcesFiltering - skip non existing resourceDirectory C:\Users\Admin\JAVA MWF 8-00\SpringORM\src\main\resources
2026-07-28 15:46:39,644 [Worker-18: Building] INFO  o.a.m.s.f.DefaultMavenResourcesFiltering - skip non existing resourceDirectory C:\Users\Admin\JAVA MWF 8-00\SpringORM\src\test\resources
2026-07-28 15:46:54,343 [Worker-34: Building] INFO  o.a.m.s.f.DefaultMavenResourcesFiltering - skip non existing resourceDirectory C:\Users\Admin\JAVA MWF 8-00\SpringORM\src\main\resources
2026-07-28 15:46:54,345 [Worker-34: Building] INFO  o.a.m.s.f.DefaultMavenResourcesFiltering - skip non existing resourceDirectory C:\Users\Admin\JAVA MWF 8-00\SpringORM\src\test\resources
2026-07-28 15:46:57,791 [Worker-13: Building] INFO  o.a.m.s.f.DefaultMavenResourcesFiltering - skip non existing resourceDirectory C:\Users\Admin\JAVA MWF 8-00\SpringORM\src\main\resources
2026-07-28 15:46:57,792 [Worker-13: Building] INFO  o.a.m.s.f.DefaultMavenResourcesFiltering - skip non existing resourceDirectory C:\Users\Admin\JAVA MWF 8-00\SpringORM\src\test\resources
2026-07-28 15:47:00,717 [Worker-32: Building] INFO  o.a.m.s.f.DefaultMavenResourcesFiltering - skip non existing resourceDirectory C:\Users\Admin\JAVA MWF 8-00\SpringORM\src\main\resources
2026-07-28 15:47:00,719 [Worker-32: Building] INFO  o.a.m.s.f.DefaultMavenResourcesFiltering - skip non existing resourceDirectory C:\Users\Admin\JAVA MWF 8-00\SpringORM\src\test\resources
2026-07-28 15:47:27,492 [Worker-33: Building] INFO  o.a.m.s.f.DefaultMavenResourcesFiltering - skip non existing resourceDirectory C:\Users\Admin\JAVA MWF 8-00\SpringORM\src\main\resources
2026-07-28 15:47:27,493 [Worker-33: Building] INFO  o.a.m.s.f.DefaultMavenResourcesFiltering - skip non existing resourceDirectory C:\Users\Admin\JAVA MWF 8-00\SpringORM\src\test\resources
2026-07-28 15:47:29,277 [Worker-33: Building] INFO  o.a.m.s.f.DefaultMavenResourcesFiltering - skip non existing resourceDirectory C:\Users\Admin\JAVA MWF 8-00\SpringORM\src\main\resources
2026-07-28 15:47:29,279 [Worker-33: Building] INFO  o.a.m.s.f.DefaultMavenResourcesFiltering - skip non existing resourceDirectory C:\Users\Admin\JAVA MWF 8-00\SpringORM\src\test\resources
2026-07-28 15:52:12,294 [Worker-38: Building] INFO  o.e.m.c.i.l.LifecycleMappingFactory - Using org.eclipse.m2e.jdt.JarLifecycleMapping lifecycle mapping for MavenProject: com.orm:SpringORM:0.0.1-SNAPSHOT @ C:\Users\Admin\JAVA MWF 8-00\SpringORM\pom.xml.
2026-07-28 15:52:12,356 [Worker-38: Building] INFO  o.e.m.c.i.e.AbstractTransferListenerAdapter - Downloading https://repo.maven.apache.org/maven2/org/springframework/spring-core/6.1.6/spring-core-6.1.6.pom
2026-07-28 15:52:12,360 [Worker-38: Building] INFO  o.e.m.c.i.e.AbstractTransferListenerAdapter - Downloaded https://repo.maven.apache.org/maven2/org/springframework/spring-core/6.1.6/spring-core-6.1.6.pom
2026-07-28 15:52:12,392 [Worker-38: Building] INFO  o.e.m.c.i.e.AbstractTransferListenerAdapter - Downloading https://repo.maven.apache.org/maven2/org/springframework/spring-jcl/6.1.6/spring-jcl-6.1.6.pom
2026-07-28 15:52:12,398 [Worker-38: Building] INFO  o.e.m.c.i.e.AbstractTransferListenerAdapter - Downloaded https://repo.maven.apache.org/maven2/org/springframework/spring-jcl/6.1.6/spring-jcl-6.1.6.pom
2026-07-28 15:52:12,432 [Worker-38: Building] INFO  o.e.m.c.i.e.AbstractTransferListenerAdapter - Downloading https://repo.maven.apache.org/maven2/org/springframework/spring-context/6.1.6/spring-context-6.1.6.pom
2026-07-28 15:52:12,437 [Worker-38: Building] INFO  o.e.m.c.i.e.AbstractTransferListenerAdapter - Downloaded https://repo.maven.apache.org/maven2/org/springframework/spring-context/6.1.6/spring-context-6.1.6.pom
2026-07-28 15:52:12,473 [Worker-38: Building] INFO  o.e.m.c.i.e.AbstractTransferListenerAdapter - Downloading https://repo.maven.apache.org/maven2/org/springframework/spring-aop/6.1.6/spring-aop-6.1.6.pom
2026-07-28 15:52:12,477 [Worker-38: Building] INFO  o.e.m.c.i.e.AbstractTransferListenerAdapter - Downloaded https://repo.maven.apache.org/maven2/org/springframework/spring-aop/6.1.6/spring-aop-6.1.6.pom
2026-07-28 15:52:12,510 [Worker-38: Building] INFO  o.e.m.c.i.e.AbstractTransferListenerAdapter - Downloading https://repo.maven.apache.org/maven2/org/springframework/spring-beans/6.1.6/spring-beans-6.1.6.pom
2026-07-28 15:52:12,529 [Worker-38: Building] INFO  o.e.m.c.i.e.AbstractTransferListenerAdapter - Downloaded https://repo.maven.apache.org/maven2/org/springframework/spring-beans/6.1.6/spring-beans-6.1.6.pom
2026-07-28 15:52:12,567 [Worker-38: Building] INFO  o.e.m.c.i.e.AbstractTransferListenerAdapter - Downloading https://repo.maven.apache.org/maven2/org/springframework/spring-expression/6.1.6/spring-expression-6.1.6.pom
2026-07-28 15:52:12,572 [Worker-38: Building] INFO  o.e.m.c.i.e.AbstractTransferListenerAdapter - Downloaded https://repo.maven.apache.org/maven2/org/springframework/spring-expression/6.1.6/spring-expression-6.1.6.pom
2026-07-28 15:52:12,605 [Worker-38: Building] INFO  o.e.m.c.i.e.AbstractTransferListenerAdapter - Downloading https://repo.maven.apache.org/maven2/io/micrometer/micrometer-observation/1.12.5/micrometer-observation-1.12.5.pom
2026-07-28 15:52:12,609 [Worker-38: Building] INFO  o.e.m.c.i.e.AbstractTransferListenerAdapter - Downloaded https://repo.maven.apache.org/maven2/io/micrometer/micrometer-observation/1.12.5/micrometer-observation-1.12.5.pom
2026-07-28 15:52:12,649 [Worker-38: Building] INFO  o.e.m.c.i.e.AbstractTransferListenerAdapter - Downloading https://repo.maven.apache.org/maven2/io/micrometer/micrometer-commons/1.12.5/micrometer-commons-1.12.5.pom
2026-07-28 15:52:12,654 [Worker-38: Building] INFO  o.e.m.c.i.e.AbstractTransferListenerAdapter - Downloaded https://repo.maven.apache.org/maven2/io/micrometer/micrometer-commons/1.12.5/micrometer-commons-1.12.5.pom
2026-07-28 15:52:12,685 [Worker-38: Building] INFO  o.e.m.c.i.e.AbstractTransferListenerAdapter - Downloading https://repo.maven.apache.org/maven2/org/springframework/spring-orm/6.1.6/spring-orm-6.1.6.pom
2026-07-28 15:52:12,689 [Worker-38: Building] INFO  o.e.m.c.i.e.AbstractTransferListenerAdapter - Downloaded https://repo.maven.apache.org/maven2/org/springframework/spring-orm/6.1.6/spring-orm-6.1.6.pom
2026-07-28 15:52:12,722 [Worker-38: Building] INFO  o.e.m.c.i.e.AbstractTransferListenerAdapter - Downloading https://repo.maven.apache.org/maven2/org/springframework/spring-jdbc/6.1.6/spring-jdbc-6.1.6.pom
2026-07-28 15:52:12,728 [Worker-38: Building] INFO  o.e.m.c.i.e.AbstractTransferListenerAdapter - Downloaded https://repo.maven.apache.org/maven2/org/springframework/spring-jdbc/6.1.6/spring-jdbc-6.1.6.pom
2026-07-28 15:52:12,761 [Worker-38: Building] INFO  o.e.m.c.i.e.AbstractTransferListenerAdapter - Downloading https://repo.maven.apache.org/maven2/org/springframework/spring-tx/6.1.6/spring-tx-6.1.6.pom
2026-07-28 15:52:12,765 [Worker-38: Building] INFO  o.e.m.c.i.e.AbstractTransferListenerAdapter - Downloaded https://repo.maven.apache.org/maven2/org/springframework/spring-tx/6.1.6/spring-tx-6.1.6.pom
2026-07-28 15:52:12,921 [Worker-38: Building] INFO  o.e.m.c.i.e.AbstractTransferListenerAdapter - Downloading https://repo.maven.apache.org/maven2/org/springframework/spring-core/6.1.6/spring-core-6.1.6.jar
2026-07-28 15:52:13,010 [Worker-38: Building] INFO  o.e.m.c.i.e.AbstractTransferListenerAdapter - Downloaded https://repo.maven.apache.org/maven2/org/springframework/spring-core/6.1.6/spring-core-6.1.6.jar
2026-07-28 15:52:13,035 [BasicRepositoryConnector-repo.maven.apache.org-1-1] INFO  o.e.m.c.i.e.AbstractTransferListenerAdapter - Downloading https://repo.maven.apache.org/maven2/org/springframework/spring-context/6.1.6/spring-context-6.1.6.jar
2026-07-28 15:52:13,070 [BasicRepositoryConnector-repo.maven.apache.org-1-1] INFO  o.e.m.c.i.e.AbstractTransferListenerAdapter - Downloaded https://repo.maven.apache.org/maven2/org/springframework/spring-context/6.1.6/spring-context-6.1.6.jar
2026-07-28 15:52:13,076 [BasicRepositoryConnector-repo.maven.apache.org-1-0] INFO  o.e.m.c.i.e.AbstractTransferListenerAdapter - Downloading https://repo.maven.apache.org/maven2/org/springframework/spring-jcl/6.1.6/spring-jcl-6.1.6.jar
2026-07-28 15:52:13,081 [BasicRepositoryConnector-repo.maven.apache.org-1-0] INFO  o.e.m.c.i.e.AbstractTransferListenerAdapter - Downloaded https://repo.maven.apache.org/maven2/org/springframework/spring-jcl/6.1.6/spring-jcl-6.1.6.jar
2026-07-28 15:52:13,082 [BasicRepositoryConnector-repo.maven.apache.org-1-4] INFO  o.e.m.c.i.e.AbstractTransferListenerAdapter - Downloading https://repo.maven.apache.org/maven2/org/springframework/spring-expression/6.1.6/spring-expression-6.1.6.jar
2026-07-28 15:52:13,093 [BasicRepositoryConnector-repo.maven.apache.org-1-1] INFO  o.e.m.c.i.e.AbstractTransferListenerAdapter - Downloading https://repo.maven.apache.org/maven2/io/micrometer/micrometer-observation/1.12.5/micrometer-observation-1.12.5.jar
2026-07-28 15:52:13,099 [BasicRepositoryConnector-repo.maven.apache.org-1-1] INFO  o.e.m.c.i.e.AbstractTransferListenerAdapter - Downloaded https://repo.maven.apache.org/maven2/io/micrometer/micrometer-observation/1.12.5/micrometer-observation-1.12.5.jar
2026-07-28 15:52:13,100 [BasicRepositoryConnector-repo.maven.apache.org-1-2] INFO  o.e.m.c.i.e.AbstractTransferListenerAdapter - Downloading https://repo.maven.apache.org/maven2/org/springframework/spring-aop/6.1.6/spring-aop-6.1.6.jar
2026-07-28 15:52:13,102 [BasicRepositoryConnector-repo.maven.apache.org-1-3] INFO  o.e.m.c.i.e.AbstractTransferListenerAdapter - Downloading https://repo.maven.apache.org/maven2/org/springframework/spring-beans/6.1.6/spring-beans-6.1.6.jar
2026-07-28 15:52:13,117 [BasicRepositoryConnector-repo.maven.apache.org-1-4] INFO  o.e.m.c.i.e.AbstractTransferListenerAdapter - Downloaded https://repo.maven.apache.org/maven2/org/springframework/spring-expression/6.1.6/spring-expression-6.1.6.jar
2026-07-28 15:52:13,118 [BasicRepositoryConnector-repo.maven.apache.org-1-0] INFO  o.e.m.c.i.e.AbstractTransferListenerAdapter - Downloading https://repo.maven.apache.org/maven2/io/micrometer/micrometer-commons/1.12.5/micrometer-commons-1.12.5.jar
2026-07-28 15:52:13,123 [BasicRepositoryConnector-repo.maven.apache.org-1-1] INFO  o.e.m.c.i.e.AbstractTransferListenerAdapter - Downloading https://repo.maven.apache.org/maven2/org/springframework/spring-orm/6.1.6/spring-orm-6.1.6.jar
2026-07-28 15:52:13,132 [BasicRepositoryConnector-repo.maven.apache.org-1-1] INFO  o.e.m.c.i.e.AbstractTransferListenerAdapter - Downloaded https://repo.maven.apache.org/maven2/org/springframework/spring-orm/6.1.6/spring-orm-6.1.6.jar
2026-07-28 15:52:13,139 [BasicRepositoryConnector-repo.maven.apache.org-1-4] INFO  o.e.m.c.i.e.AbstractTransferListenerAdapter - Downloading https://repo.maven.apache.org/maven2/org/springframework/spring-jdbc/6.1.6/spring-jdbc-6.1.6.jar
2026-07-28 15:52:13,141 [BasicRepositoryConnector-repo.maven.apache.org-1-0] INFO  o.e.m.c.i.e.AbstractTransferListenerAdapter - Downloaded https://repo.maven.apache.org/maven2/io/micrometer/micrometer-commons/1.12.5/micrometer-commons-1.12.5.jar
2026-07-28 15:52:13,147 [BasicRepositoryConnector-repo.maven.apache.org-1-2] INFO  o.e.m.c.i.e.AbstractTransferListenerAdapter - Downloaded https://repo.maven.apache.org/maven2/org/springframework/spring-aop/6.1.6/spring-aop-6.1.6.jar
2026-07-28 15:52:13,154 [BasicRepositoryConnector-repo.maven.apache.org-1-1] INFO  o.e.m.c.i.e.AbstractTransferListenerAdapter - Downloading https://repo.maven.apache.org/maven2/org/springframework/spring-tx/6.1.6/spring-tx-6.1.6.jar
2026-07-28 15:52:13,158 [BasicRepositoryConnector-repo.maven.apache.org-1-4] INFO  o.e.m.c.i.e.AbstractTransferListenerAdapter - Downloaded https://repo.maven.apache.org/maven2/org/springframework/spring-jdbc/6.1.6/spring-jdbc-6.1.6.jar
2026-07-28 15:52:13,164 [BasicRepositoryConnector-repo.maven.apache.org-1-1] INFO  o.e.m.c.i.e.AbstractTransferListenerAdapter - Downloaded https://repo.maven.apache.org/maven2/org/springframework/spring-tx/6.1.6/spring-tx-6.1.6.jar
2026-07-28 15:52:13,222 [BasicRepositoryConnector-repo.maven.apache.org-1-3] INFO  o.e.m.c.i.e.AbstractTransferListenerAdapter - Downloaded https://repo.maven.apache.org/maven2/org/springframework/spring-beans/6.1.6/spring-beans-6.1.6.jar
2026-07-28 15:52:13,390 [Worker-38: Building] INFO  o.a.m.s.f.DefaultMavenResourcesFiltering - skip non existing resourceDirectory C:\Users\Admin\JAVA MWF 8-00\SpringORM\src\main\resources
2026-07-28 15:52:13,391 [Worker-38: Building] INFO  o.a.m.s.f.DefaultMavenResourcesFiltering - skip non existing resourceDirectory C:\Users\Admin\JAVA MWF 8-00\SpringORM\src\test\resources
2026-07-28 15:52:14,380 [Worker-30: Download sources and javadoc] INFO  o.e.m.c.i.e.AbstractTransferListenerAdapter - Downloading https://repo.maven.apache.org/maven2/org/springframework/spring-core/6.1.6/spring-core-6.1.6-sources.jar
2026-07-28 15:52:14,442 [Worker-30: Download sources and javadoc] INFO  o.e.m.c.i.e.AbstractTransferListenerAdapter - Downloaded https://repo.maven.apache.org/maven2/org/springframework/spring-core/6.1.6/spring-core-6.1.6-sources.jar
2026-07-28 15:52:14,445 [Worker-30: Download sources and javadoc] INFO  o.e.m.j.internal.DownloadSourcesJob - Downloaded sources for org.springframework:spring-core:6.1.6
2026-07-28 15:52:14,531 [Worker-30: Download sources and javadoc] INFO  o.e.m.c.i.e.AbstractTransferListenerAdapter - Downloading https://repo.maven.apache.org/maven2/org/springframework/spring-jcl/6.1.6/spring-jcl-6.1.6-sources.jar
2026-07-28 15:52:14,535 [Worker-30: Download sources and javadoc] INFO  o.e.m.c.i.e.AbstractTransferListenerAdapter - Downloaded https://repo.maven.apache.org/maven2/org/springframework/spring-jcl/6.1.6/spring-jcl-6.1.6-sources.jar
2026-07-28 15:52:14,538 [Worker-30: Download sources and javadoc] INFO  o.e.m.j.internal.DownloadSourcesJob - Downloaded sources for org.springframework:spring-jcl:6.1.6
2026-07-28 15:52:14,609 [Worker-30: Download sources and javadoc] INFO  o.e.m.c.i.e.AbstractTransferListenerAdapter - Downloading https://repo.maven.apache.org/maven2/org/springframework/spring-context/6.1.6/spring-context-6.1.6-sources.jar
2026-07-28 15:52:14,624 [Worker-40: Building] INFO  o.a.m.s.f.DefaultMavenResourcesFiltering - skip non existing resourceDirectory C:\Users\Admin\JAVA MWF 8-00\SpringORM\src\main\resources
2026-07-28 15:52:14,626 [Worker-40: Building] INFO  o.a.m.s.f.DefaultMavenResourcesFiltering - skip non existing resourceDirectory C:\Users\Admin\JAVA MWF 8-00\SpringORM\src\test\resources
2026-07-28 15:52:14,688 [Worker-30: Download sources and javadoc] INFO  o.e.m.c.i.e.AbstractTransferListenerAdapter - Downloaded https://repo.maven.apache.org/maven2/org/springframework/spring-context/6.1.6/spring-context-6.1.6-sources.jar
2026-07-28 15:52:14,692 [Worker-30: Download sources and javadoc] INFO  o.e.m.j.internal.DownloadSourcesJob - Downloaded sources for org.springframework:spring-context:6.1.6
2026-07-28 15:52:14,814 [Worker-30: Download sources and javadoc] INFO  o.e.m.c.i.e.AbstractTransferListenerAdapter - Downloading https://repo.maven.apache.org/maven2/org/springframework/spring-aop/6.1.6/spring-aop-6.1.6-sources.jar
2026-07-28 15:52:14,904 [Worker-30: Download sources and javadoc] INFO  o.e.m.c.i.e.AbstractTransferListenerAdapter - Downloaded https://repo.maven.apache.org/maven2/org/springframework/spring-aop/6.1.6/spring-aop-6.1.6-sources.jar
2026-07-28 15:52:14,907 [Worker-30: Download sources and javadoc] INFO  o.e.m.j.internal.DownloadSourcesJob - Downloaded sources for org.springframework:spring-aop:6.1.6
2026-07-28 15:52:14,989 [Worker-30: Download sources and javadoc] INFO  o.e.m.c.i.e.AbstractTransferListenerAdapter - Downloading https://repo.maven.apache.org/maven2/org/springframework/spring-beans/6.1.6/spring-beans-6.1.6-sources.jar
2026-07-28 15:52:15,067 [Worker-30: Download sources and javadoc] INFO  o.e.m.c.i.e.AbstractTransferListenerAdapter - Downloaded https://repo.maven.apache.org/maven2/org/springframework/spring-beans/6.1.6/spring-beans-6.1.6-sources.jar
2026-07-28 15:52:15,070 [Worker-30: Download sources and javadoc] INFO  o.e.m.j.internal.DownloadSourcesJob - Downloaded sources for org.springframework:spring-beans:6.1.6
2026-07-28 15:52:15,141 [Worker-30: Download sources and javadoc] INFO  o.e.m.c.i.e.AbstractTransferListenerAdapter - Downloading https://repo.maven.apache.org/maven2/org/springframework/spring-expression/6.1.6/spring-expression-6.1.6-sources.jar
2026-07-28 15:52:15,170 [Worker-30: Download sources and javadoc] INFO  o.e.m.c.i.e.AbstractTransferListenerAdapter - Downloaded https://repo.maven.apache.org/maven2/org/springframework/spring-expression/6.1.6/spring-expression-6.1.6-sources.jar
2026-07-28 15:52:15,172 [Worker-30: Download sources and javadoc] INFO  o.e.m.j.internal.DownloadSourcesJob - Downloaded sources for org.springframework:spring-expression:6.1.6
2026-07-28 15:52:15,245 [Worker-30: Download sources and javadoc] INFO  o.e.m.c.i.e.AbstractTransferListenerAdapter - Downloading https://repo.maven.apache.org/maven2/io/micrometer/micrometer-observation/1.12.5/micrometer-observation-1.12.5-sources.jar
2026-07-28 15:52:15,264 [Worker-30: Download sources and javadoc] INFO  o.e.m.c.i.e.AbstractTransferListenerAdapter - Downloaded https://repo.maven.apache.org/maven2/io/micrometer/micrometer-observation/1.12.5/micrometer-observation-1.12.5-sources.jar
2026-07-28 15:52:15,267 [Worker-30: Download sources and javadoc] INFO  o.e.m.j.internal.DownloadSourcesJob - Downloaded sources for io.micrometer:micrometer-observation:1.12.5
2026-07-28 15:52:15,418 [Worker-30: Download sources and javadoc] INFO  o.e.m.c.i.e.AbstractTransferListenerAdapter - Downloading https://repo.maven.apache.org/maven2/io/micrometer/micrometer-commons/1.12.5/micrometer-commons-1.12.5-sources.jar
2026-07-28 15:52:15,471 [Worker-30: Download sources and javadoc] INFO  o.e.m.c.i.e.AbstractTransferListenerAdapter - Downloaded https://repo.maven.apache.org/maven2/io/micrometer/micrometer-commons/1.12.5/micrometer-commons-1.12.5-sources.jar
2026-07-28 15:52:15,473 [Worker-30: Download sources and javadoc] INFO  o.e.m.j.internal.DownloadSourcesJob - Downloaded sources for io.micrometer:micrometer-commons:1.12.5
2026-07-28 15:52:15,594 [Worker-30: Download sources and javadoc] INFO  o.e.m.c.i.e.AbstractTransferListenerAdapter - Downloading https://repo.maven.apache.org/maven2/org/springframework/spring-orm/6.1.6/spring-orm-6.1.6-sources.jar
2026-07-28 15:52:15,649 [Worker-30: Download sources and javadoc] INFO  o.e.m.c.i.e.AbstractTransferListenerAdapter - Downloaded https://repo.maven.apache.org/maven2/org/springframework/spring-orm/6.1.6/spring-orm-6.1.6-sources.jar
2026-07-28 15:52:15,652 [Worker-30: Download sources and javadoc] INFO  o.e.m.j.internal.DownloadSourcesJob - Downloaded sources for org.springframework:spring-orm:6.1.6
2026-07-28 15:52:15,741 [Worker-30: Download sources and javadoc] INFO  o.e.m.c.i.e.AbstractTransferListenerAdapter - Downloading https://repo.maven.apache.org/maven2/org/springframework/spring-jdbc/6.1.6/spring-jdbc-6.1.6-sources.jar
2026-07-28 15:52:15,805 [Worker-30: Download sources and javadoc] INFO  o.e.m.c.i.e.AbstractTransferListenerAdapter - Downloaded https://repo.maven.apache.org/maven2/org/springframework/spring-jdbc/6.1.6/spring-jdbc-6.1.6-sources.jar
2026-07-28 15:52:15,807 [Worker-30: Download sources and javadoc] INFO  o.e.m.j.internal.DownloadSourcesJob - Downloaded sources for org.springframework:spring-jdbc:6.1.6
2026-07-28 15:52:15,908 [Worker-30: Download sources and javadoc] INFO  o.e.m.c.i.e.AbstractTransferListenerAdapter - Downloading https://repo.maven.apache.org/maven2/org/springframework/spring-tx/6.1.6/spring-tx-6.1.6-sources.jar
2026-07-28 15:52:15,978 [Worker-30: Download sources and javadoc] INFO  o.e.m.c.i.e.AbstractTransferListenerAdapter - Downloaded https://repo.maven.apache.org/maven2/org/springframework/spring-tx/6.1.6/spring-tx-6.1.6-sources.jar
2026-07-28 15:52:15,981 [Worker-30: Download sources and javadoc] INFO  o.e.m.j.internal.DownloadSourcesJob - Downloaded sources for org.springframework:spring-tx:6.1.6
2026-07-28 15:53:36,370 [Worker-16: Building] INFO  o.e.m.c.i.l.LifecycleMappingFactory - Using org.eclipse.m2e.jdt.JarLifecycleMapping lifecycle mapping for MavenProject: com.orm:SpringORM:0.0.1-SNAPSHOT @ C:\Users\Admin\JAVA MWF 8-00\SpringORM\pom.xml.
2026-07-28 15:53:36,607 [Worker-16: Building] INFO  o.e.m.c.i.e.AbstractTransferListenerAdapter - Downloaded https://repo.maven.apache.org/maven2/org/springframework/spring-core/4.1.9/spring-core-4.1.9.pom
2026-07-28 15:53:36,609 [Worker-16: Building] WARN  o.e.m.c.i.embedder.EclipseLogger - The POM for org.springframework:spring-core:jar:4.1.9 is missing, no dependency information available
2026-07-28 15:53:36,731 [Worker-16: Building] INFO  o.e.m.c.i.e.AbstractTransferListenerAdapter - Downloaded https://repo.maven.apache.org/maven2/org/springframework/spring-context/4.1.9/spring-context-4.1.9.pom
2026-07-28 15:53:36,733 [Worker-16: Building] WARN  o.e.m.c.i.embedder.EclipseLogger - The POM for org.springframework:spring-context:jar:4.1.9 is missing, no dependency information available
2026-07-28 15:53:36,861 [Worker-16: Building] INFO  o.e.m.c.i.e.AbstractTransferListenerAdapter - Downloaded https://repo.maven.apache.org/maven2/org/springframework/spring-orm/4.1.9/spring-orm-4.1.9.pom
2026-07-28 15:53:36,862 [Worker-16: Building] WARN  o.e.m.c.i.embedder.EclipseLogger - The POM for org.springframework:spring-orm:jar:4.1.9 is missing, no dependency information available
2026-07-28 15:53:37,099 [Worker-16: Building] INFO  o.e.m.c.i.e.AbstractTransferListenerAdapter - Downloaded https://repo.maven.apache.org/maven2/org/springframework/spring-core/4.1.9/spring-core-4.1.9.jar
2026-07-28 15:53:37,250 [BasicRepositoryConnector-repo.maven.apache.org-2-1] INFO  o.e.m.c.i.e.AbstractTransferListenerAdapter - Downloaded https://repo.maven.apache.org/maven2/org/springframework/spring-orm/4.1.9/spring-orm-4.1.9.jar
2026-07-28 15:53:37,310 [BasicRepositoryConnector-repo.maven.apache.org-2-0] INFO  o.e.m.c.i.e.AbstractTransferListenerAdapter - Downloaded https://repo.maven.apache.org/maven2/org/springframework/spring-context/4.1.9/spring-context-4.1.9.jar
2026-07-28 15:53:37,389 [Worker-16: Building] INFO  o.a.m.s.f.DefaultMavenResourcesFiltering - skip non existing resourceDirectory C:\Users\Admin\JAVA MWF 8-00\SpringORM\src\main\resources
2026-07-28 15:53:37,390 [Worker-16: Building] INFO  o.a.m.s.f.DefaultMavenResourcesFiltering - skip non existing resourceDirectory C:\Users\Admin\JAVA MWF 8-00\SpringORM\src\test\resources
2026-07-28 15:53:38,756 [Worker-39: Download sources and javadoc] INFO  o.e.m.c.i.e.AbstractTransferListenerAdapter - Downloaded https://repo.maven.apache.org/maven2/org/springframework/spring-core/4.1.9/spring-core-4.1.9-sources.jar
2026-07-28 15:53:38,758 [Worker-39: Download sources and javadoc] ERROR o.e.m.j.internal.DownloadSourcesJob - Could not download sources for org.springframework:spring-core:4.1.9
org.eclipse.core.runtime.CoreException: Could not resolve artifact org.springframework:spring-core:jar:sources:4.1.9
	at org.eclipse.m2e.core.internal.embedder.MavenImpl.lambda$7(MavenImpl.java:540)
	at org.eclipse.m2e.core.internal.embedder.MavenExecutionContext.executeBare(MavenExecutionContext.java:458)
	at org.eclipse.m2e.core.internal.embedder.MavenExecutionContext.execute(MavenExecutionContext.java:292)
	at org.eclipse.m2e.core.internal.embedder.MavenExecutionContext.execute(MavenExecutionContext.java:278)
	at org.eclipse.m2e.core.internal.embedder.MavenImpl.resolve(MavenImpl.java:509)
	at org.eclipse.m2e.core.internal.embedder.MavenImpl.resolve(MavenImpl.java:494)
	at org.eclipse.m2e.jdt.internal.DownloadSourcesJob.download(DownloadSourcesJob.java:308)
	at org.eclipse.m2e.jdt.internal.DownloadSourcesJob.downloadAttachments(DownloadSourcesJob.java:282)
	at org.eclipse.m2e.jdt.internal.DownloadSourcesJob.downloadMaven(DownloadSourcesJob.java:252)
	at org.eclipse.m2e.jdt.internal.DownloadSourcesJob.downloadFilesAndPopulateToUpdate(DownloadSourcesJob.java:220)
	at org.eclipse.m2e.jdt.internal.DownloadSourcesJob.lambda$0(DownloadSourcesJob.java:149)
	at org.eclipse.m2e.core.internal.embedder.MavenExecutionContext.executeBare(MavenExecutionContext.java:458)
	at org.eclipse.m2e.core.internal.embedder.MavenExecutionContext.execute(MavenExecutionContext.java:339)
	at org.eclipse.m2e.core.internal.embedder.MavenExecutionContext.execute(MavenExecutionContext.java:278)
	at org.eclipse.m2e.core.embedder.IMaven.execute(IMaven.java:300)
	at org.eclipse.m2e.jdt.internal.DownloadSourcesJob.run(DownloadSourcesJob.java:149)
	at org.eclipse.core.internal.jobs.Worker.run(Worker.java:63)
2026-07-28 15:53:39,257 [Worker-39: Download sources and javadoc] INFO  o.e.m.c.i.e.AbstractTransferListenerAdapter - Downloaded https://repo.maven.apache.org/maven2/org/springframework/spring-context/4.1.9/spring-context-4.1.9-sources.jar
2026-07-28 15:53:39,259 [Worker-39: Download sources and javadoc] ERROR o.e.m.j.internal.DownloadSourcesJob - Could not download sources for org.springframework:spring-context:4.1.9
org.eclipse.core.runtime.CoreException: Could not resolve artifact org.springframework:spring-context:jar:sources:4.1.9
	at org.eclipse.m2e.core.internal.embedder.MavenImpl.lambda$7(MavenImpl.java:540)
	at org.eclipse.m2e.core.internal.embedder.MavenExecutionContext.executeBare(MavenExecutionContext.java:458)
	at org.eclipse.m2e.core.internal.embedder.MavenExecutionContext.execute(MavenExecutionContext.java:292)
	at org.eclipse.m2e.core.internal.embedder.MavenExecutionContext.execute(MavenExecutionContext.java:278)
	at org.eclipse.m2e.core.internal.embedder.MavenImpl.resolve(MavenImpl.java:509)
	at org.eclipse.m2e.core.internal.embedder.MavenImpl.resolve(MavenImpl.java:494)
	at org.eclipse.m2e.jdt.internal.DownloadSourcesJob.download(DownloadSourcesJob.java:308)
	at org.eclipse.m2e.jdt.internal.DownloadSourcesJob.downloadAttachments(DownloadSourcesJob.java:282)
	at org.eclipse.m2e.jdt.internal.DownloadSourcesJob.downloadMaven(DownloadSourcesJob.java:252)
	at org.eclipse.m2e.jdt.internal.DownloadSourcesJob.downloadFilesAndPopulateToUpdate(DownloadSourcesJob.java:220)
	at org.eclipse.m2e.jdt.internal.DownloadSourcesJob.lambda$0(DownloadSourcesJob.java:149)
	at org.eclipse.m2e.core.internal.embedder.MavenExecutionContext.executeBare(MavenExecutionContext.java:458)
	at org.eclipse.m2e.core.internal.embedder.MavenExecutionContext.execute(MavenExecutionContext.java:339)
	at org.eclipse.m2e.core.internal.embedder.MavenExecutionContext.execute(MavenExecutionContext.java:278)
	at org.eclipse.m2e.core.embedder.IMaven.execute(IMaven.java:300)
	at org.eclipse.m2e.jdt.internal.DownloadSourcesJob.run(DownloadSourcesJob.java:149)
	at org.eclipse.core.internal.jobs.Worker.run(Worker.java:63)
2026-07-28 15:53:39,746 [Worker-39: Download sources and javadoc] INFO  o.e.m.c.i.e.AbstractTransferListenerAdapter - Downloaded https://repo.maven.apache.org/maven2/org/springframework/spring-orm/4.1.9/spring-orm-4.1.9-sources.jar
2026-07-28 15:53:39,748 [Worker-39: Download sources and javadoc] ERROR o.e.m.j.internal.DownloadSourcesJob - Could not download sources for org.springframework:spring-orm:4.1.9
org.eclipse.core.runtime.CoreException: Could not resolve artifact org.springframework:spring-orm:jar:sources:4.1.9
	at org.eclipse.m2e.core.internal.embedder.MavenImpl.lambda$7(MavenImpl.java:540)
	at org.eclipse.m2e.core.internal.embedder.MavenExecutionContext.executeBare(MavenExecutionContext.java:458)
	at org.eclipse.m2e.core.internal.embedder.MavenExecutionContext.execute(MavenExecutionContext.java:292)
	at org.eclipse.m2e.core.internal.embedder.MavenExecutionContext.execute(MavenExecutionContext.java:278)
	at org.eclipse.m2e.core.internal.embedder.MavenImpl.resolve(MavenImpl.java:509)
	at org.eclipse.m2e.core.internal.embedder.MavenImpl.resolve(MavenImpl.java:494)
	at org.eclipse.m2e.jdt.internal.DownloadSourcesJob.download(DownloadSourcesJob.java:308)
	at org.eclipse.m2e.jdt.internal.DownloadSourcesJob.downloadAttachments(DownloadSourcesJob.java:282)
	at org.eclipse.m2e.jdt.internal.DownloadSourcesJob.downloadMaven(DownloadSourcesJob.java:252)
	at org.eclipse.m2e.jdt.internal.DownloadSourcesJob.downloadFilesAndPopulateToUpdate(DownloadSourcesJob.java:220)
	at org.eclipse.m2e.jdt.internal.DownloadSourcesJob.lambda$0(DownloadSourcesJob.java:149)
	at org.eclipse.m2e.core.internal.embedder.MavenExecutionContext.executeBare(MavenExecutionContext.java:458)
	at org.eclipse.m2e.core.internal.embedder.MavenExecutionContext.execute(MavenExecutionContext.java:339)
	at org.eclipse.m2e.core.internal.embedder.MavenExecutionContext.execute(MavenExecutionContext.java:278)
	at org.eclipse.m2e.core.embedder.IMaven.execute(IMaven.java:300)
	at org.eclipse.m2e.jdt.internal.DownloadSourcesJob.run(DownloadSourcesJob.java:149)
	at org.eclipse.core.internal.jobs.Worker.run(Worker.java:63)
2026-07-28 15:53:56,508 [Worker-16: Building] INFO  o.e.m.c.i.l.LifecycleMappingFactory - Using org.eclipse.m2e.jdt.JarLifecycleMapping lifecycle mapping for MavenProject: com.orm:SpringORM:0.0.1-SNAPSHOT @ C:\Users\Admin\JAVA MWF 8-00\SpringORM\pom.xml.
2026-07-28 15:53:56,704 [Worker-16: Building] INFO  o.a.m.s.f.DefaultMavenResourcesFiltering - skip non existing resourceDirectory C:\Users\Admin\JAVA MWF 8-00\SpringORM\src\main\resources
2026-07-28 15:53:56,706 [Worker-16: Building] INFO  o.a.m.s.f.DefaultMavenResourcesFiltering - skip non existing resourceDirectory C:\Users\Admin\JAVA MWF 8-00\SpringORM\src\test\resources
2026-07-28 15:53:57,796 [Worker-38: Building] INFO  o.a.m.s.f.DefaultMavenResourcesFiltering - skip non existing resourceDirectory C:\Users\Admin\JAVA MWF 8-00\SpringORM\src\main\resources
2026-07-28 15:53:57,798 [Worker-38: Building] INFO  o.a.m.s.f.DefaultMavenResourcesFiltering - skip non existing resourceDirectory C:\Users\Admin\JAVA MWF 8-00\SpringORM\src\test\resources
2026-07-28 15:55:31,001 [Worker-40: Building] INFO  o.e.m.c.i.l.LifecycleMappingFactory - Using org.eclipse.m2e.jdt.JarLifecycleMapping lifecycle mapping for MavenProject: com.orm:SpringORM:0.0.1-SNAPSHOT @ C:\Users\Admin\JAVA MWF 8-00\SpringORM\pom.xml.
2026-07-28 15:55:31,255 [Worker-40: Building] INFO  o.a.m.s.f.DefaultMavenResourcesFiltering - skip non existing resourceDirectory C:\Users\Admin\JAVA MWF 8-00\SpringORM\src\main\resources
2026-07-28 15:55:31,257 [Worker-40: Building] INFO  o.a.m.s.f.DefaultMavenResourcesFiltering - skip non existing resourceDirectory C:\Users\Admin\JAVA MWF 8-00\SpringORM\src\test\resources
2026-07-28 15:55:32,531 [Worker-46: Building] INFO  o.a.m.s.f.DefaultMavenResourcesFiltering - skip non existing resourceDirectory C:\Users\Admin\JAVA MWF 8-00\SpringORM\src\main\resources
2026-07-28 15:55:32,533 [Worker-46: Building] INFO  o.a.m.s.f.DefaultMavenResourcesFiltering - skip non existing resourceDirectory C:\Users\Admin\JAVA MWF 8-00\SpringORM\src\test\resources
2026-07-28 15:55:58,253 [Worker-43: Building] INFO  o.a.m.s.f.DefaultMavenResourcesFiltering - skip non existing resourceDirectory C:\Users\Admin\JAVA MWF 8-00\SpringORM\src\main\resources
2026-07-28 15:55:58,254 [Worker-43: Building] INFO  o.a.m.s.f.DefaultMavenResourcesFiltering - skip non existing resourceDirectory C:\Users\Admin\JAVA MWF 8-00\SpringORM\src\test\resources
2026-07-28 15:55:59,350 [Worker-43: Building] INFO  o.a.m.s.f.DefaultMavenResourcesFiltering - skip non existing resourceDirectory C:\Users\Admin\JAVA MWF 8-00\SpringORM\src\main\resources
2026-07-28 15:55:59,351 [Worker-43: Building] INFO  o.a.m.s.f.DefaultMavenResourcesFiltering - skip non existing resourceDirectory C:\Users\Admin\JAVA MWF 8-00\SpringORM\src\test\resources
2026-07-28 15:56:52,259 [Worker-45: Building] INFO  o.a.m.s.f.DefaultMavenResourcesFiltering - skip non existing resourceDirectory C:\Users\Admin\JAVA MWF 8-00\SpringORM\src\main\resources
2026-07-28 15:56:52,261 [Worker-45: Building] INFO  o.a.m.s.f.DefaultMavenResourcesFiltering - skip non existing resourceDirectory C:\Users\Admin\JAVA MWF 8-00\SpringORM\src\test\resources
2026-07-28 15:57:06,447 [Worker-46: Building] INFO  o.a.m.s.f.DefaultMavenResourcesFiltering - skip non existing resourceDirectory C:\Users\Admin\JAVA MWF 8-00\SpringORM\src\main\resources
2026-07-28 15:57:06,448 [Worker-46: Building] INFO  o.a.m.s.f.DefaultMavenResourcesFiltering - skip non existing resourceDirectory C:\Users\Admin\JAVA MWF 8-00\SpringORM\src\test\resources
2026-07-28 15:57:58,139 [Worker-46: Building] INFO  o.a.m.s.f.DefaultMavenResourcesFiltering - skip non existing resourceDirectory C:\Users\Admin\JAVA MWF 8-00\SpringORM\src\main\resources
2026-07-28 15:57:58,140 [Worker-46: Building] INFO  o.a.m.s.f.DefaultMavenResourcesFiltering - skip non existing resourceDirectory C:\Users\Admin\JAVA MWF 8-00\SpringORM\src\test\resources
2026-07-28 15:59:08,740 [Worker-46: Building] INFO  o.a.m.s.f.DefaultMavenResourcesFiltering - skip non existing resourceDirectory C:\Users\Admin\JAVA MWF 8-00\SpringORM\src\main\resources
2026-07-28 15:59:08,742 [Worker-46: Building] INFO  o.a.m.s.f.DefaultMavenResourcesFiltering - skip non existing resourceDirectory C:\Users\Admin\JAVA MWF 8-00\SpringORM\src\test\resources
2026-07-28 15:59:16,006 [Worker-46: Building] INFO  o.a.m.s.f.DefaultMavenResourcesFiltering - skip non existing resourceDirectory C:\Users\Admin\JAVA MWF 8-00\SpringORM\src\main\resources
2026-07-28 15:59:16,008 [Worker-46: Building] INFO  o.a.m.s.f.DefaultMavenResourcesFiltering - skip non existing resourceDirectory C:\Users\Admin\JAVA MWF 8-00\SpringORM\src\test\resources
2026-07-28 15:59:51,746 [Worker-45: Building] INFO  o.a.m.s.f.DefaultMavenResourcesFiltering - skip non existing resourceDirectory C:\Users\Admin\JAVA MWF 8-00\SpringORM\src\main\resources
2026-07-28 15:59:51,748 [Worker-45: Building] INFO  o.a.m.s.f.DefaultMavenResourcesFiltering - skip non existing resourceDirectory C:\Users\Admin\JAVA MWF 8-00\SpringORM\src\test\resources
2026-07-28 16:00:29,527 [Worker-42: Building] INFO  o.a.m.s.f.DefaultMavenResourcesFiltering - skip non existing resourceDirectory C:\Users\Admin\JAVA MWF 8-00\SpringORM\src\main\resources
2026-07-28 16:00:29,529 [Worker-42: Building] INFO  o.a.m.s.f.DefaultMavenResourcesFiltering - skip non existing resourceDirectory C:\Users\Admin\JAVA MWF 8-00\SpringORM\src\test\resources
2026-07-28 16:00:36,299 [Worker-46: Building] INFO  o.a.m.s.f.DefaultMavenResourcesFiltering - skip non existing resourceDirectory C:\Users\Admin\JAVA MWF 8-00\SpringORM\src\main\resources
2026-07-28 16:00:36,300 [Worker-46: Building] INFO  o.a.m.s.f.DefaultMavenResourcesFiltering - skip non existing resourceDirectory C:\Users\Admin\JAVA MWF 8-00\SpringORM\src\test\resources
2026-07-28 16:00:59,030 [Worker-46: Building] INFO  o.a.m.s.f.DefaultMavenResourcesFiltering - skip non existing resourceDirectory C:\Users\Admin\JAVA MWF 8-00\SpringORM\src\main\resources
2026-07-28 16:00:59,031 [Worker-46: Building] INFO  o.a.m.s.f.DefaultMavenResourcesFiltering - skip non existing resourceDirectory C:\Users\Admin\JAVA MWF 8-00\SpringORM\src\test\resources
2026-07-28 16:01:17,951 [Worker-46: Building] INFO  o.a.m.s.f.DefaultMavenResourcesFiltering - skip non existing resourceDirectory C:\Users\Admin\JAVA MWF 8-00\SpringORM\src\main\resources
2026-07-28 16:01:17,952 [Worker-46: Building] INFO  o.a.m.s.f.DefaultMavenResourcesFiltering - skip non existing resourceDirectory C:\Users\Admin\JAVA MWF 8-00\SpringORM\src\test\resources
2026-07-28 16:12:42,683 [Worker-45: Building] INFO  o.a.m.s.f.DefaultMavenResourcesFiltering - skip non existing resourceDirectory C:\Users\Admin\JAVA MWF 8-00\SpringORM\src\main\resources
2026-07-28 16:12:42,684 [Worker-45: Building] INFO  o.a.m.s.f.DefaultMavenResourcesFiltering - skip non existing resourceDirectory C:\Users\Admin\JAVA MWF 8-00\SpringORM\src\test\resources
2026-07-28 16:12:57,329 [Worker-50: Building] INFO  o.a.m.s.f.DefaultMavenResourcesFiltering - skip non existing resourceDirectory C:\Users\Admin\JAVA MWF 8-00\SpringORM\src\main\resources
2026-07-28 16:12:57,331 [Worker-50: Building] INFO  o.a.m.s.f.DefaultMavenResourcesFiltering - skip non existing resourceDirectory C:\Users\Admin\JAVA MWF 8-00\SpringORM\src\test\resources
2026-07-28 16:13:20,014 [Worker-48: Building] INFO  o.a.m.s.f.DefaultMavenResourcesFiltering - skip non existing resourceDirectory C:\Users\Admin\JAVA MWF 8-00\SpringORM\src\main\resources
2026-07-28 16:13:20,015 [Worker-48: Building] INFO  o.a.m.s.f.DefaultMavenResourcesFiltering - skip non existing resourceDirectory C:\Users\Admin\JAVA MWF 8-00\SpringORM\src\test\resources
2026-07-28 16:13:42,425 [Worker-50: Building] INFO  o.a.m.s.f.DefaultMavenResourcesFiltering - skip non existing resourceDirectory C:\Users\Admin\JAVA MWF 8-00\SpringORM\src\main\resources
2026-07-28 16:13:42,427 [Worker-50: Building] INFO  o.a.m.s.f.DefaultMavenResourcesFiltering - skip non existing resourceDirectory C:\Users\Admin\JAVA MWF 8-00\SpringORM\src\test\resources
2026-07-28 16:13:43,459 [Worker-45: Building] INFO  o.a.m.s.f.DefaultMavenResourcesFiltering - skip non existing resourceDirectory C:\Users\Admin\JAVA MWF 8-00\SpringORM\src\main\resources
2026-07-28 16:13:43,460 [Worker-45: Building] INFO  o.a.m.s.f.DefaultMavenResourcesFiltering - skip non existing resourceDirectory C:\Users\Admin\JAVA MWF 8-00\SpringORM\src\test\resources
2026-07-28 16:13:45,832 [Worker-48: Building] INFO  o.a.m.s.f.DefaultMavenResourcesFiltering - skip non existing resourceDirectory C:\Users\Admin\JAVA MWF 8-00\SpringORM\src\main\resources
2026-07-28 16:13:45,833 [Worker-48: Building] INFO  o.a.m.s.f.DefaultMavenResourcesFiltering - skip non existing resourceDirectory C:\Users\Admin\JAVA MWF 8-00\SpringORM\src\test\resources
2026-07-28 16:14:10,898 [Worker-48: Building] INFO  o.a.m.s.f.DefaultMavenResourcesFiltering - skip non existing resourceDirectory C:\Users\Admin\JAVA MWF 8-00\SpringORM\src\main\resources
2026-07-28 16:14:10,899 [Worker-48: Building] INFO  o.a.m.s.f.DefaultMavenResourcesFiltering - skip non existing resourceDirectory C:\Users\Admin\JAVA MWF 8-00\SpringORM\src\test\resources
2026-07-28 16:14:14,341 [Worker-48: Building] INFO  o.a.m.s.f.DefaultMavenResourcesFiltering - skip non existing resourceDirectory C:\Users\Admin\JAVA MWF 8-00\SpringORM\src\main\resources
2026-07-28 16:14:14,342 [Worker-48: Building] INFO  o.a.m.s.f.DefaultMavenResourcesFiltering - skip non existing resourceDirectory C:\Users\Admin\JAVA MWF 8-00\SpringORM\src\test\resources
2026-07-28 16:14:24,350 [Worker-49: Building] INFO  o.a.m.s.f.DefaultMavenResourcesFiltering - skip non existing resourceDirectory C:\Users\Admin\JAVA MWF 8-00\SpringORM\src\main\resources
2026-07-28 16:14:24,351 [Worker-49: Building] INFO  o.a.m.s.f.DefaultMavenResourcesFiltering - skip non existing resourceDirectory C:\Users\Admin\JAVA MWF 8-00\SpringORM\src\test\resources
2026-07-28 16:14:43,922 [Worker-45: Building] INFO  o.a.m.s.f.DefaultMavenResourcesFiltering - skip non existing resourceDirectory C:\Users\Admin\JAVA MWF 8-00\SpringORM\src\main\resources
2026-07-28 16:14:43,924 [Worker-45: Building] INFO  o.a.m.s.f.DefaultMavenResourcesFiltering - skip non existing resourceDirectory C:\Users\Admin\JAVA MWF 8-00\SpringORM\src\test\resources
2026-07-28 16:14:47,369 [Worker-50: Building] INFO  o.a.m.s.f.DefaultMavenResourcesFiltering - skip non existing resourceDirectory C:\Users\Admin\JAVA MWF 8-00\SpringORM\src\main\resources
2026-07-28 16:14:47,370 [Worker-50: Building] INFO  o.a.m.s.f.DefaultMavenResourcesFiltering - skip non existing resourceDirectory C:\Users\Admin\JAVA MWF 8-00\SpringORM\src\test\resources
2026-07-28 16:15:30,935 [Worker-45: Building] INFO  o.a.m.s.f.DefaultMavenResourcesFiltering - skip non existing resourceDirectory C:\Users\Admin\JAVA MWF 8-00\SpringORM\src\main\resources
2026-07-28 16:15:30,936 [Worker-45: Building] INFO  o.a.m.s.f.DefaultMavenResourcesFiltering - skip non existing resourceDirectory C:\Users\Admin\JAVA MWF 8-00\SpringORM\src\test\resources
2026-07-28 16:16:01,715 [Worker-48: Building] INFO  o.a.m.s.f.DefaultMavenResourcesFiltering - skip non existing resourceDirectory C:\Users\Admin\JAVA MWF 8-00\SpringORM\src\main\resources
2026-07-28 16:16:01,717 [Worker-48: Building] INFO  o.a.m.s.f.DefaultMavenResourcesFiltering - skip non existing resourceDirectory C:\Users\Admin\JAVA MWF 8-00\SpringORM\src\test\resources
2026-07-28 16:16:08,134 [Worker-47: Building] INFO  o.a.m.s.f.DefaultMavenResourcesFiltering - skip non existing resourceDirectory C:\Users\Admin\JAVA MWF 8-00\SpringORM\src\main\resources
2026-07-28 16:16:08,135 [Worker-47: Building] INFO  o.a.m.s.f.DefaultMavenResourcesFiltering - skip non existing resourceDirectory C:\Users\Admin\JAVA MWF 8-00\SpringORM\src\test\resources
2026-07-28 16:16:17,369 [Worker-47: Building] INFO  o.a.m.s.f.DefaultMavenResourcesFiltering - skip non existing resourceDirectory C:\Users\Admin\JAVA MWF 8-00\SpringORM\src\main\resources
2026-07-28 16:16:17,370 [Worker-47: Building] INFO  o.a.m.s.f.DefaultMavenResourcesFiltering - skip non existing resourceDirectory C:\Users\Admin\JAVA MWF 8-00\SpringORM\src\test\resources
2026-07-28 16:16:47,539 [Worker-49: Building] INFO  o.a.m.s.f.DefaultMavenResourcesFiltering - skip non existing resourceDirectory C:\Users\Admin\JAVA MWF 8-00\SpringORM\src\main\resources
2026-07-28 16:16:47,540 [Worker-49: Building] INFO  o.a.m.s.f.DefaultMavenResourcesFiltering - skip non existing resourceDirectory C:\Users\Admin\JAVA MWF 8-00\SpringORM\src\test\resources
2026-07-28 16:17:19,181 [Worker-48: Building] INFO  o.a.m.s.f.DefaultMavenResourcesFiltering - skip non existing resourceDirectory C:\Users\Admin\JAVA MWF 8-00\SpringORM\src\main\resources
2026-07-28 16:17:19,182 [Worker-48: Building] INFO  o.a.m.s.f.DefaultMavenResourcesFiltering - skip non existing resourceDirectory C:\Users\Admin\JAVA MWF 8-00\SpringORM\src\test\resources
2026-07-28 16:17:41,715 [Worker-45: Building] INFO  o.a.m.s.f.DefaultMavenResourcesFiltering - skip non existing resourceDirectory C:\Users\Admin\JAVA MWF 8-00\SpringORM\src\main\resources
2026-07-28 16:17:41,716 [Worker-45: Building] INFO  o.a.m.s.f.DefaultMavenResourcesFiltering - skip non existing resourceDirectory C:\Users\Admin\JAVA MWF 8-00\SpringORM\src\test\resources
2026-07-28 16:18:11,697 [Worker-50: Building] INFO  o.a.m.s.f.DefaultMavenResourcesFiltering - skip non existing resourceDirectory C:\Users\Admin\JAVA MWF 8-00\SpringORM\src\main\resources
2026-07-28 16:18:11,698 [Worker-50: Building] INFO  o.a.m.s.f.DefaultMavenResourcesFiltering - skip non existing resourceDirectory C:\Users\Admin\JAVA MWF 8-00\SpringORM\src\test\resources
2026-07-28 16:18:14,662 [Worker-49: Building] INFO  o.a.m.s.f.DefaultMavenResourcesFiltering - skip non existing resourceDirectory C:\Users\Admin\JAVA MWF 8-00\SpringORM\src\main\resources
2026-07-28 16:18:14,663 [Worker-49: Building] INFO  o.a.m.s.f.DefaultMavenResourcesFiltering - skip non existing resourceDirectory C:\Users\Admin\JAVA MWF 8-00\SpringORM\src\test\resources
2026-07-28 16:20:37,361 [Worker-48: Building] INFO  o.a.m.s.f.DefaultMavenResourcesFiltering - skip non existing resourceDirectory C:\Users\Admin\JAVA MWF 8-00\SpringORM\src\main\resources
2026-07-28 16:20:37,362 [Worker-48: Building] INFO  o.a.m.s.f.DefaultMavenResourcesFiltering - skip non existing resourceDirectory C:\Users\Admin\JAVA MWF 8-00\SpringORM\src\test\resources
2026-07-28 16:20:52,980 [Worker-49: Building] INFO  o.a.m.s.f.DefaultMavenResourcesFiltering - skip non existing resourceDirectory C:\Users\Admin\JAVA MWF 8-00\SpringORM\src\main\resources
2026-07-28 16:20:52,981 [Worker-49: Building] INFO  o.a.m.s.f.DefaultMavenResourcesFiltering - skip non existing resourceDirectory C:\Users\Admin\JAVA MWF 8-00\SpringORM\src\test\resources
2026-07-28 16:21:48,585 [Worker-51: Building] INFO  o.a.m.s.f.DefaultMavenResourcesFiltering - skip non existing resourceDirectory C:\Users\Admin\JAVA MWF 8-00\SpringORM\src\main\resources
2026-07-28 16:21:48,586 [Worker-51: Building] INFO  o.a.m.s.f.DefaultMavenResourcesFiltering - skip non existing resourceDirectory C:\Users\Admin\JAVA MWF 8-00\SpringORM\src\test\resources
2026-07-28 16:23:23,417 [Worker-50: Building] INFO  o.a.m.s.f.DefaultMavenResourcesFiltering - skip non existing resourceDirectory C:\Users\Admin\JAVA MWF 8-00\SpringORM\src\main\resources
2026-07-28 16:23:23,418 [Worker-50: Building] INFO  o.a.m.s.f.DefaultMavenResourcesFiltering - skip non existing resourceDirectory C:\Users\Admin\JAVA MWF 8-00\SpringORM\src\test\resources
2026-07-28 16:23:26,086 [Worker-47: Building] INFO  o.a.m.s.f.DefaultMavenResourcesFiltering - skip non existing resourceDirectory C:\Users\Admin\JAVA MWF 8-00\SpringORM\src\main\resources
2026-07-28 16:23:26,089 [Worker-47: Building] INFO  o.a.m.s.f.DefaultMavenResourcesFiltering - skip non existing resourceDirectory C:\Users\Admin\JAVA MWF 8-00\SpringORM\src\test\resources
2026-07-28 16:23:40,751 [Worker-50: Building] INFO  o.a.m.s.f.DefaultMavenResourcesFiltering - skip non existing resourceDirectory C:\Users\Admin\JAVA MWF 8-00\SpringORM\src\main\resources
2026-07-28 16:23:40,752 [Worker-50: Building] INFO  o.a.m.s.f.DefaultMavenResourcesFiltering - skip non existing resourceDirectory C:\Users\Admin\JAVA MWF 8-00\SpringORM\src\test\resources
2026-07-28 16:24:15,094 [Worker-53: Building] INFO  o.a.m.s.f.DefaultMavenResourcesFiltering - skip non existing resourceDirectory C:\Users\Admin\JAVA MWF 8-00\SpringORM\src\main\resources
2026-07-28 16:24:15,095 [Worker-53: Building] INFO  o.a.m.s.f.DefaultMavenResourcesFiltering - skip non existing resourceDirectory C:\Users\Admin\JAVA MWF 8-00\SpringORM\src\test\resources
2026-07-28 16:24:43,730 [Worker-48: Building] INFO  o.a.m.s.f.DefaultMavenResourcesFiltering - skip non existing resourceDirectory C:\Users\Admin\JAVA MWF 8-00\SpringORM\src\main\resources
2026-07-28 16:24:43,731 [Worker-48: Building] INFO  o.a.m.s.f.DefaultMavenResourcesFiltering - skip non existing resourceDirectory C:\Users\Admin\JAVA MWF 8-00\SpringORM\src\test\resources
2026-07-28 16:25:54,830 [Worker-51: Building] INFO  o.a.m.s.f.DefaultMavenResourcesFiltering - skip non existing resourceDirectory C:\Users\Admin\JAVA MWF 8-00\SpringORM\src\main\resources
2026-07-28 16:25:54,831 [Worker-51: Building] INFO  o.a.m.s.f.DefaultMavenResourcesFiltering - skip non existing resourceDirectory C:\Users\Admin\JAVA MWF 8-00\SpringORM\src\test\resources
2026-07-28 16:26:34,971 [Worker-53: Building] INFO  o.a.m.s.f.DefaultMavenResourcesFiltering - skip non existing resourceDirectory C:\Users\Admin\JAVA MWF 8-00\SpringORM\src\main\resources
2026-07-28 16:26:34,973 [Worker-53: Building] INFO  o.a.m.s.f.DefaultMavenResourcesFiltering - skip non existing resourceDirectory C:\Users\Admin\JAVA MWF 8-00\SpringORM\src\test\resources
2026-07-28 16:26:37,102 [Worker-47: Building] INFO  o.a.m.s.f.DefaultMavenResourcesFiltering - skip non existing resourceDirectory C:\Users\Admin\JAVA MWF 8-00\SpringORM\src\main\resources
2026-07-28 16:26:37,104 [Worker-47: Building] INFO  o.a.m.s.f.DefaultMavenResourcesFiltering - skip non existing resourceDirectory C:\Users\Admin\JAVA MWF 8-00\SpringORM\src\test\resources
2026-07-28 16:27:06,961 [Worker-48: Building] INFO  o.a.m.s.f.DefaultMavenResourcesFiltering - skip non existing resourceDirectory C:\Users\Admin\JAVA MWF 8-00\SpringORM\src\main\resources
2026-07-28 16:27:06,962 [Worker-48: Building] INFO  o.a.m.s.f.DefaultMavenResourcesFiltering - skip non existing resourceDirectory C:\Users\Admin\JAVA MWF 8-00\SpringORM\src\test\resources
2026-07-28 16:28:08,070 [Worker-51: Building] INFO  o.a.m.s.f.DefaultMavenResourcesFiltering - skip non existing resourceDirectory C:\Users\Admin\JAVA MWF 8-00\SpringORM\src\main\resources
2026-07-28 16:28:08,071 [Worker-51: Building] INFO  o.a.m.s.f.DefaultMavenResourcesFiltering - skip non existing resourceDirectory C:\Users\Admin\JAVA MWF 8-00\SpringORM\src\test\resources
2026-07-28 16:28:22,271 [Worker-50: Building] INFO  o.a.m.s.f.DefaultMavenResourcesFiltering - skip non existing resourceDirectory C:\Users\Admin\JAVA MWF 8-00\SpringORM\src\main\resources
2026-07-28 16:28:22,272 [Worker-50: Building] INFO  o.a.m.s.f.DefaultMavenResourcesFiltering - skip non existing resourceDirectory C:\Users\Admin\JAVA MWF 8-00\SpringORM\src\test\resources
2026-07-28 16:29:11,313 [Worker-52: Building] INFO  o.a.m.s.f.DefaultMavenResourcesFiltering - skip non existing resourceDirectory C:\Users\Admin\JAVA MWF 8-00\SpringORM\src\main\resources
2026-07-28 16:29:11,314 [Worker-52: Building] INFO  o.a.m.s.f.DefaultMavenResourcesFiltering - skip non existing resourceDirectory C:\Users\Admin\JAVA MWF 8-00\SpringORM\src\test\resources
2026-07-28 16:30:10,461 [Worker-53: Building] INFO  o.a.m.s.f.DefaultMavenResourcesFiltering - skip non existing resourceDirectory C:\Users\Admin\JAVA MWF 8-00\SpringORM\src\main\resources
2026-07-28 16:30:10,462 [Worker-53: Building] INFO  o.a.m.s.f.DefaultMavenResourcesFiltering - skip non existing resourceDirectory C:\Users\Admin\JAVA MWF 8-00\SpringORM\src\test\resources
2026-07-28 16:30:52,211 [Worker-51: Building] INFO  o.a.m.s.f.DefaultMavenResourcesFiltering - skip non existing resourceDirectory C:\Users\Admin\JAVA MWF 8-00\SpringORM\src\main\resources
2026-07-28 16:30:52,212 [Worker-51: Building] INFO  o.a.m.s.f.DefaultMavenResourcesFiltering - skip non existing resourceDirectory C:\Users\Admin\JAVA MWF 8-00\SpringORM\src\test\resources
2026-07-28 16:30:59,747 [Worker-51: Building] INFO  o.a.m.s.f.DefaultMavenResourcesFiltering - skip non existing resourceDirectory C:\Users\Admin\JAVA MWF 8-00\SpringORM\src\main\resources
2026-07-28 16:30:59,748 [Worker-51: Building] INFO  o.a.m.s.f.DefaultMavenResourcesFiltering - skip non existing resourceDirectory C:\Users\Admin\JAVA MWF 8-00\SpringORM\src\test\resources
2026-07-28 16:31:12,864 [Worker-52: Building] INFO  o.a.m.s.f.DefaultMavenResourcesFiltering - skip non existing resourceDirectory C:\Users\Admin\JAVA MWF 8-00\SpringORM\src\main\resources
2026-07-28 16:31:12,865 [Worker-52: Building] INFO  o.a.m.s.f.DefaultMavenResourcesFiltering - skip non existing resourceDirectory C:\Users\Admin\JAVA MWF 8-00\SpringORM\src\test\resources
2026-07-28 16:34:11,155 [Worker-53: Building] INFO  o.a.m.s.f.DefaultMavenResourcesFiltering - skip non existing resourceDirectory C:\Users\Admin\JAVA MWF 8-00\SpringORM\src\main\resources
2026-07-28 16:34:11,156 [Worker-53: Building] INFO  o.a.m.s.f.DefaultMavenResourcesFiltering - skip non existing resourceDirectory C:\Users\Admin\JAVA MWF 8-00\SpringORM\src\test\resources
2026-07-28 16:34:12,174 [Worker-47: Building] INFO  o.a.m.s.f.DefaultMavenResourcesFiltering - skip non existing resourceDirectory C:\Users\Admin\JAVA MWF 8-00\SpringORM\src\main\resources
2026-07-28 16:34:12,175 [Worker-47: Building] INFO  o.a.m.s.f.DefaultMavenResourcesFiltering - skip non existing resourceDirectory C:\Users\Admin\JAVA MWF 8-00\SpringORM\src\test\resources
2026-07-28 16:36:02,693 [Worker-50: Building] INFO  o.a.m.s.f.DefaultMavenResourcesFiltering - skip non existing resourceDirectory C:\Users\Admin\JAVA MWF 8-00\SpringORM\src\main\resources
2026-07-28 16:36:02,695 [Worker-50: Building] INFO  o.a.m.s.f.DefaultMavenResourcesFiltering - skip non existing resourceDirectory C:\Users\Admin\JAVA MWF 8-00\SpringORM\src\test\resources
2026-07-28 16:38:28,920 [Worker-50: Building] INFO  o.a.m.s.f.DefaultMavenResourcesFiltering - skip non existing resourceDirectory C:\Users\Admin\JAVA MWF 8-00\SpringORM\src\main\resources
2026-07-28 16:38:28,921 [Worker-50: Building] INFO  o.a.m.s.f.DefaultMavenResourcesFiltering - skip non existing resourceDirectory C:\Users\Admin\JAVA MWF 8-00\SpringORM\src\test\resources
2026-07-28 16:39:28,862 [Worker-58: Building] INFO  o.a.m.s.f.DefaultMavenResourcesFiltering - skip non existing resourceDirectory C:\Users\Admin\JAVA MWF 8-00\SpringORM\src\main\resources
2026-07-28 16:39:28,863 [Worker-58: Building] INFO  o.a.m.s.f.DefaultMavenResourcesFiltering - skip non existing resourceDirectory C:\Users\Admin\JAVA MWF 8-00\SpringORM\src\test\resources
2026-07-28 16:40:17,720 [Worker-50: Building] INFO  o.a.m.s.f.DefaultMavenResourcesFiltering - skip non existing resourceDirectory C:\Users\Admin\JAVA MWF 8-00\SpringORM\src\main\resources
2026-07-28 16:40:17,721 [Worker-50: Building] INFO  o.a.m.s.f.DefaultMavenResourcesFiltering - skip non existing resourceDirectory C:\Users\Admin\JAVA MWF 8-00\SpringORM\src\test\resources
2026-07-28 16:42:36,773 [Worker-57: Building] INFO  o.a.m.s.f.DefaultMavenResourcesFiltering - skip non existing resourceDirectory C:\Users\Admin\JAVA MWF 8-00\SpringORM\src\main\resources
2026-07-28 16:42:36,775 [Worker-57: Building] INFO  o.a.m.s.f.DefaultMavenResourcesFiltering - skip non existing resourceDirectory C:\Users\Admin\JAVA MWF 8-00\SpringORM\src\test\resources
2026-07-28 16:43:11,484 [Worker-56: Building] INFO  o.a.m.s.f.DefaultMavenResourcesFiltering - skip non existing resourceDirectory C:\Users\Admin\JAVA MWF 8-00\SpringORM\src\main\resources
2026-07-28 16:43:11,485 [Worker-56: Building] INFO  o.a.m.s.f.DefaultMavenResourcesFiltering - skip non existing resourceDirectory C:\Users\Admin\JAVA MWF 8-00\SpringORM\src\test\resources
2026-07-28 16:43:53,685 [Worker-57: Building] INFO  o.a.m.s.f.DefaultMavenResourcesFiltering - skip non existing resourceDirectory C:\Users\Admin\JAVA MWF 8-00\SpringORM\src\main\resources
2026-07-28 16:43:53,686 [Worker-57: Building] INFO  o.a.m.s.f.DefaultMavenResourcesFiltering - skip non existing resourceDirectory C:\Users\Admin\JAVA MWF 8-00\SpringORM\src\test\resources
2026-07-28 16:51:33,647 [Worker-58: Building] INFO  o.a.m.s.f.DefaultMavenResourcesFiltering - skip non existing resourceDirectory C:\Users\Admin\JAVA MWF 8-00\SpringORM\src\main\resources
2026-07-28 16:51:33,650 [Worker-58: Building] INFO  o.a.m.s.f.DefaultMavenResourcesFiltering - skip non existing resourceDirectory C:\Users\Admin\JAVA MWF 8-00\SpringORM\src\test\resources
2026-07-28 16:52:02,408 [Stop Help Server] INFO  org.eclipse.jetty.server.Server - Stopped oejs.Server@4b9e797c{STOPPING}[12.0.9,sto=0]
2026-07-28 16:52:02,411 [Stop Help Server] INFO  o.e.jetty.server.AbstractConnector - Stopped ServerConnector@413b55c5{HTTP/1.1, (http/1.1)}{127.0.0.1:0}
